customer_id,customer_ishost,customer_first_name,customer_last_name,customer_country,customer_state,customer_city,customer_street_address,customer_review_score,profile_created_datetime,gender,birthdate,modified_date
350512901,1,Fletcher,Garner,United States,WA,Bellevue,712-6118 Donec Road,1,2017/1/26 10:50,Female,1971/8/13 17:04,2013/1/28 19:57
341982908,1,Dalton,Whitney,United States,IA,Des Moines,Ap #122-6923 Vitae Ave,2,2009/5/4 13:11,Male,1966/5/8 4:00,2012/2/24 6:01
213252562,1,Samuel,Whitfield,United States,HI,Honolulu,564-6013 Etiam St.,3,2010/3/5 17:35,Male,1998/9/3 0:53,2014/2/27 13:25
608300661,1,Jesse,Fitzgerald,United States,MT,Missoula,"P.O. Box 773, 1474 Lorem Rd.",4,2010/6/30 11:29,Female,1977/7/5 2:34,2010/1/12 8:48
715705539,1,Hector,Holland,United States,HI,Kailua,Ap #579-1577 Tempus St.,5,2010/4/28 2:52,Male,1984/9/3 14:30,2016/8/19 21:42
797306453,1,Abdul,Mullins,United States,MO,Independence,"720-9097 A, Road",1,2018/12/31 1:49,Male,1985/8/18 3:32,2018/1/22 12:57
790241103,1,Ivor,Martinez,United States,KY,Louisville,3628 Eu Avenue,2,2017/6/4 0:50,Female,1985/7/23 2:35,2018/7/8 17:35
942460080,1,Barclay,Briggs,United States,MS,Biloxi,390-753 Tempor Rd.,3,2017/10/9 9:54,Male,1973/3/21 17:58,2011/2/10 9:31
299072017,1,Giacomo,Blackburn,United States,FL,Miami,461-4262 Non Ave,4,2014/6/11 19:43,Female,1970/2/12 2:37,2014/4/9 12:20
972337521,1,Baxter,Mcneil,United States,NE,Lincoln,"P.O. Box 940, 9735 Non, St.",5,2014/7/1 13:03,Female,1986/2/16 3:47,2011/10/1 23:00
425160090,1,Wyatt,Bolton,United States,AZ,Phoenix,Ap #152-6407 Sapien. Rd.,1,2010/4/21 0:35,Female,1984/8/25 19:54,2011/7/17 23:05
588490987,1,Felix,Norton,United States,KY,Bowling Green,"527-5868 Enim, Rd.",2,2013/8/1 4:10,Female,1991/9/18 13:51,2013/6/27 21:24
974627663,1,Randall,Payne,United States,MN,Rochester,"725-3979 A, Ave",3,2012/3/25 23:39,Female,1981/8/21 0:23,2013/3/22 6:42
843939620,1,Keegan,Marsh,United States,OK,Tulsa,"P.O. Box 581, 8949 Curae; Road",4,2015/2/11 16:57,Male,1994/2/19 10:47,2017/1/28 20:51
50857184,1,Ray,Mullen,United States,MO,Independence,2320 Velit. Road,5,2010/1/5 3:28,Male,1991/12/2 10:32,2011/12/28 2:42
975056466,1,Aquila,Mcdonald,United States,ID,Meridian,Ap #875-975 Et Rd.,1,2011/12/2 11:37,Male,1991/7/3 1:14,2018/1/4 17:14
447087081,1,Eagan,Rice,United States,VT,Essex,"P.O. Box 627, 1890 Vel Road",2,2013/11/3 12:58,Male,1998/3/4 5:05,2012/12/18 2:09
331421131,1,Samuel,Guy,United States,AR,Little Rock,8047 Phasellus St.,3,2011/11/3 10:04,Male,1967/8/15 5:45,2016/8/23 11:59
519855068,1,Ulysses,Contreras,United States,AL,Mobile,641-1762 Eu Rd.,4,2012/3/14 20:09,Male,1973/2/15 9:01,2010/5/19 13:23
357395029,1,Bevis,Curtis,United States,WY,Cheyenne,114-6676 Eu Ave,5,2013/12/25 19:27,Female,1960/1/4 17:22,2011/12/14 13:32
944841352,1,Steven,Pace,United States,CA,San Francisco,"2105 Risus, Street",1,2014/4/27 5:19,Male,1960/12/8 13:41,2015/9/3 3:02
326364171,1,Aidan,Delaney,United States,UT,West Jordan,811-1456 Nullam Ave,2,2012/4/3 23:45,Male,1975/2/28 16:51,2016/5/29 10:35
980024731,1,Brian,William,United States,NE,Kearney,800-4951 Vestibulum Ave,3,2011/6/8 23:02,Male,1960/1/31 23:45,2010/5/23 12:09
472414549,1,Dale,Barlow,United States,UT,Salt Lake City,"P.O. Box 882, 9334 Nunc St.",4,2018/12/9 0:27,Male,1986/12/6 15:54,2018/5/11 2:20
847680386,1,Grady,Osborn,United States,NE,Grand Island,6876 Dolor Rd.,5,2017/12/30 21:46,Male,1963/1/23 22:10,2016/12/5 14:41
103329173,1,Finn,Mays,United States,CO,Denver,3723 Dolor. Avenue,1,2016/10/24 7:47,Female,1989/5/12 17:46,2014/12/10 14:12
619019508,1,Herrod,Hogan,United States,MO,Springfield,"P.O. Box 927, 7420 Vestibulum, Road",2,2009/3/9 4:37,Male,1965/8/19 22:18,2012/6/20 11:32
275132462,1,Honorato,Gross,United States,AK,Juneau,423-2565 Ac Rd.,3,2016/11/15 4:26,Female,1993/8/30 12:48,2010/6/8 22:23
878920693,1,Nero,Ramos,United States,HI,Honolulu,"P.O. Box 707, 3975 Nullam Ave",4,2009/4/2 5:33,Female,1964/11/4 4:55,2012/10/28 6:25
149485245,1,Clark,May,United States,CT,Stamford,Ap #601-3132 Donec Road,5,2011/6/13 4:34,Male,1973/5/4 11:45,2013/3/30 8:43
195393863,1,Hoyt,Stein,United States,DE,Newark,Ap #313-5441 Leo. St.,1,2012/9/19 23:29,Female,1965/9/1 23:04,2017/5/6 5:53
463244657,1,Nigel,Harrell,United States,MI,Sterling Heights,"P.O. Box 349, 5926 Fermentum Road",2,2012/8/14 1:58,Male,1976/5/23 4:41,2017/4/21 9:08
82487356,1,Ulric,Sargent,United States,WY,Cheyenne,603-8927 Ac St.,3,2018/10/9 4:55,Female,1970/12/20 19:49,2015/5/29 14:23
972062335,1,Ray,Banks,United States,ME,Auburn,Ap #489-620 In St.,4,2011/8/21 6:43,Female,1966/1/11 17:10,2009/4/3 13:01
438865396,1,Gary,Fowler,United States,IN,Indianapolis,1462 Nonummy. Rd.,5,2012/12/3 13:02,Female,1991/5/22 21:51,2017/5/2 15:03
435290531,1,Lewis,Joyner,United States,KS,Kansas City,434-2982 Gravida St.,1,2018/10/12 14:16,Female,1994/6/17 3:30,2012/2/15 17:46
460314867,1,Damian,Russo,United States,UT,West Jordan,5186 Tincidunt. St.,2,2014/6/12 17:47,Male,1987/6/4 4:29,2010/11/27 0:22
583835491,1,Francis,Santiago,United States,AK,Ketchikan,"P.O. Box 632, 5755 Consequat Street",3,2010/1/28 1:02,Male,1978/5/12 23:27,2012/3/16 7:27
800426157,1,Jerry,Robbins,United States,KS,Overland Park,"P.O. Box 662, 1876 Lacinia. Rd.",4,2009/10/3 4:02,Male,1976/5/30 14:31,2010/4/16 9:09
457170629,1,Keaton,Martin,United States,TX,Fort Worth,5173 Luctus Avenue,5,2014/8/23 1:49,Male,1991/8/15 0:22,2017/3/16 14:49
762854610,1,Raja,Kramer,United States,IL,Naperville,Ap #381-6357 Nisl Ave,1,2017/10/21 11:24,Female,1973/6/13 19:02,2009/11/21 4:59
750220519,1,Chancellor,Mckinney,United States,WA,Olympia,"P.O. Box 330, 2027 Euismod Street",2,2015/3/23 11:37,Female,1959/8/25 1:29,2015/11/7 21:14
725777262,1,Channing,Ellis,United States,WA,Bellevue,"Ap #744-5975 Et, Rd.",3,2014/9/6 5:22,Female,2000/8/30 14:16,2010/5/24 4:29
402516637,1,Jackson,Frazier,United States,MD,Annapolis,935-3699 Interdum St.,4,2017/12/2 3:19,Female,1992/2/23 0:07,2016/4/21 7:06
940722960,1,Geoffrey,Carney,United States,MA,Boston,"P.O. Box 876, 1053 Donec St.",5,2015/2/16 14:50,Male,1968/8/4 14:21,2011/9/17 20:07
279492466,1,Kato,Long,United States,NV,Henderson,"P.O. Box 258, 2690 Ornare Avenue",1,2016/8/20 19:25,Female,1959/9/12 13:55,2009/7/1 12:09
23210818,1,Kelly,Lynn,United States,MA,Boston,698 Sed Avenue,2,2013/2/13 4:21,Male,1967/12/26 5:42,2013/10/7 5:58
926506015,1,Dorian,Mathis,United States,IL,Joliet,9965 Gravida. St.,3,2014/6/11 10:22,Male,1988/3/7 10:21,2013/1/22 20:26
844743047,1,Reece,Huber,United States,KS,Overland Park,Ap #186-7497 A St.,4,2015/10/11 0:59,Female,1964/4/8 2:16,2017/3/22 21:59
670410745,1,Lamar,Golden,United States,KY,Bowling Green,"P.O. Box 145, 3146 Consectetuer Av.",5,2015/8/27 19:56,Female,1965/7/3 18:17,2017/6/1 11:59
207035437,1,Gabriel,Thornton,United States,WA,Spokane,Ap #144-438 Conubia Av.,1,2014/3/4 0:44,Female,1985/9/24 13:32,2012/12/19 11:09
905715363,1,Clarke,Wilkins,United States,MT,Bozeman,3243 Ridiculus Av.,2,2018/4/8 10:44,Male,1981/4/11 12:10,2011/12/25 22:37
533306031,1,Drew,Simmons,United States,MD,Baltimore,"6309 Montes, Ave",3,2016/11/16 19:42,Female,2000/4/16 1:32,2011/3/22 18:17
87065496,1,Hiram,Harrell,United States,IA,Des Moines,Ap #850-6845 Eget Av.,4,2017/3/18 6:07,Male,1998/7/9 19:25,2014/10/4 14:54
941876435,1,Quentin,Blanchard,United States,GA,Athens,Ap #568-7421 Faucibus. St.,5,2012/5/29 19:08,Male,1977/7/13 10:29,2016/6/9 1:14
80521008,1,Abbot,Pacheco,United States,UT,Sandy,"P.O. Box 619, 3453 Eu Av.",1,2014/11/26 11:33,Female,1973/8/24 22:46,2010/8/2 11:45
875390445,1,Solomon,Schultz,United States,NE,Grand Island,Ap #178-7353 Donec Ave,2,2018/6/5 3:23,Female,1965/11/16 4:22,2018/12/14 16:01
350796579,1,Jacob,Herrera,United States,TN,Knoxville,7404 Faucibus Av.,3,2016/4/21 21:54,Male,1988/6/11 16:17,2011/5/4 23:09
656623824,1,Noah,Allen,United States,CA,San Francisco,"P.O. Box 397, 800 Nam Av.",4,2013/3/4 9:25,Female,1991/3/7 7:05,2012/12/26 15:40
268548575,1,Dane,Rose,United States,UT,West Jordan,"P.O. Box 946, 9049 Inceptos Rd.",5,2011/4/22 18:36,Female,1994/2/19 7:50,2017/10/27 15:29
788635951,1,Kamal,Knapp,United States,HI,Honolulu,"P.O. Box 943, 5342 Mollis Rd.",1,2014/6/27 15:33,Male,1987/8/22 5:02,2014/2/17 16:46
539273805,1,Harding,Ortiz,United States,HI,Honolulu,444-9852 Sociis Road,2,2018/2/10 22:24,Male,1989/11/20 16:31,2014/6/5 8:01
323692483,1,Ulric,Vega,United States,MD,Annapolis,Ap #737-3950 Sem. Ave,3,2010/3/11 8:24,Male,1989/7/21 9:46,2012/7/23 23:52
150945608,1,Ian,Wolf,United States,TX,Houston,Ap #982-5837 Praesent Rd.,4,2013/11/28 10:12,Female,1987/6/9 9:24,2009/10/11 11:55
933415614,1,Bradley,Summers,United States,TN,Chattanooga,"P.O. Box 119, 2819 Orci, Av.",5,2018/7/31 13:53,Male,1994/7/31 7:51,2011/10/9 9:34
635148372,1,Mohammad,Pruitt,United States,MA,Springfield,7271 Nulla St.,1,2011/9/23 1:13,Female,1999/9/27 5:49,2017/7/19 14:21
104441936,1,Arsenio,Barry,United States,MI,Warren,191-3316 Mauris. St.,2,2012/2/15 8:00,Male,1962/12/23 2:12,2014/5/10 20:28
956808240,1,Howard,Wade,United States,LA,Shreveport,Ap #706-8499 Ligula Avenue,3,2010/11/23 0:56,Male,1964/6/30 14:39,2010/10/22 12:52
615176781,1,Darius,Farley,United States,IA,Davenport,"P.O. Box 367, 2292 Nulla Rd.",4,2011/12/14 18:15,Male,1965/3/30 21:38,2013/7/9 0:59
513999631,1,Xander,Grant,United States,VT,Colchester,861 Ullamcorper Road,5,2014/1/2 17:05,Male,1997/5/11 16:10,2012/4/17 11:15
483368056,1,Denton,Malone,United States,IA,Des Moines,356-8190 Aliquam Ave,1,2017/11/20 19:25,Female,1992/8/25 17:47,2010/3/12 8:45
642599617,1,Nolan,Bray,United States,KS,Olathe,"P.O. Box 744, 7282 Nec, Rd.",2,2016/7/20 19:44,Male,1968/12/18 0:33,2009/5/6 23:23
866336837,1,Nehru,Daniels,United States,VA,Virginia Beach,Ap #919-7970 Consectetuer St.,3,2016/9/5 8:54,Female,1981/4/25 4:21,2009/12/22 9:40
671533842,1,Dean,Spears,United States,ME,Auburn,"P.O. Box 195, 7222 Euismod Av.",4,2011/10/17 22:08,Male,1963/1/28 8:51,2018/5/15 22:46
318445434,1,Griffin,Barron,United States,DE,Bear,"P.O. Box 972, 3341 Risus. Ave",5,2013/9/28 4:16,Female,1977/5/10 11:21,2013/9/18 3:54
715303459,1,Dante,Weber,United States,MS,Hattiesburg,5199 Tellus. St.,1,2013/7/16 10:35,Male,1966/9/8 14:28,2009/12/31 3:03
792383549,1,Zeus,Bolton,United States,ID,Boise,Ap #623-2182 Scelerisque St.,2,2014/1/8 4:58,Male,1977/7/29 1:50,2012/11/29 18:39
283151223,1,Samuel,Noel,United States,MO,Jefferson City,599 Est Rd.,3,2013/2/4 14:16,Male,1970/4/15 17:24,2016/1/12 8:29
972919450,1,Garrison,Everett,United States,OK,Tulsa,7786 Tellus. Rd.,4,2018/2/25 18:30,Female,1996/10/23 17:49,2017/6/14 3:51
562843292,1,Tad,Kaufman,United States,IL,Joliet,6089 Ornare. Rd.,5,2016/7/24 2:58,Male,1963/11/19 4:05,2018/1/1 3:29
276669801,1,Colin,Lindsay,United States,CO,Fort Collins,243-1105 Quam St.,1,2014/3/19 9:14,Female,1978/3/8 9:44,2011/3/9 21:20
539911644,1,Boris,Benson,United States,WY,Rock Springs,512-517 Bibendum. Road,2,2015/11/20 22:59,Female,1966/11/23 5:34,2012/3/17 6:51
661121905,1,Elijah,Everett,United States,FL,Tampa,931-426 Phasellus Avenue,3,2018/3/28 10:44,Female,1968/6/6 6:01,2009/3/28 11:33
449392794,1,Josiah,Sharpe,United States,DE,Wilmington,"P.O. Box 102, 9437 Cras St.",4,2018/1/25 15:40,Male,1985/12/10 15:43,2014/11/18 18:45
461857567,1,Gil,Blackburn,United States,PA,Pittsburgh,802-5141 Mattis St.,5,2014/2/12 15:39,Male,1984/6/10 21:42,2015/8/31 21:26
217561554,1,Colby,Lara,United States,WI,Green Bay,945 Commodo Av.,1,2016/1/14 17:44,Female,1982/1/30 21:01,2009/12/16 13:54
241269950,1,Mohammad,Forbes,United States,PA,Harrisburg,208-9291 Et St.,2,2018/11/2 6:42,Male,1971/1/6 10:11,2012/5/1 19:22
788287639,1,Fritz,Melendez,United States,IL,Aurora,1019 Mi Rd.,3,2012/8/16 22:56,Male,1970/12/3 9:58,2014/8/10 21:16
701007981,1,Damian,Gallagher,United States,OR,Eugene,Ap #720-5673 Ridiculus Avenue,4,2012/3/19 6:39,Male,1972/5/15 1:07,2014/5/6 4:51
791649734,1,Clinton,Morton,United States,MO,Independence,835-1905 Cum Ave,5,2010/3/23 11:54,Female,1996/7/10 14:13,2017/6/20 15:46
534716501,1,Ciaran,Lambert,United States,PA,Harrisburg,"9718 Posuere, Avenue",1,2017/1/30 14:47,Female,1970/12/30 16:22,2013/4/29 7:02
176626125,1,Thane,Wise,United States,CO,Denver,624-2337 Neque. Street,2,2010/4/11 1:12,Male,1980/6/23 4:41,2015/1/12 9:59
172604142,1,Ferris,Good,United States,MI,Lansing,Ap #653-2102 Ac Rd.,3,2018/9/30 12:02,Male,1970/11/15 6:29,2015/4/18 8:22
116608332,1,Blaze,Bridges,United States,IN,Fort Wayne,7684 Vitae Avenue,4,2011/6/19 8:01,Male,1986/1/28 2:06,2016/11/26 22:11
983163973,1,Nasim,West,United States,MA,Boston,"P.O. Box 144, 7305 Amet Ave",5,2016/7/10 13:21,Female,1991/7/11 3:39,2011/6/17 7:20
519099287,1,Octavius,Crawford,United States,MN,Rochester,"P.O. Box 813, 1636 Vitae, Rd.",1,2009/9/15 6:17,Female,1984/12/21 3:38,2010/4/12 15:52
764374344,1,Nigel,Edwards,United States,AZ,Chandler,"P.O. Box 647, 4512 Cursus Street",2,2014/5/2 13:11,Male,1966/6/10 9:22,2018/11/1 3:24
581240835,1,Silas,Davis,United States,OR,Portland,"P.O. Box 224, 9711 Aliquet, Ave",3,2017/9/29 2:31,Female,1968/12/20 11:24,2015/2/26 4:39
948408919,1,Justin,Lee,United States,WA,Bellevue,"P.O. Box 760, 7010 At Ave",4,2015/5/15 5:50,Female,1986/7/13 12:26,2010/4/22 16:47
588234294,1,Warren,Barlow,United States,MD,Baltimore,Ap #432-2805 Sapien Rd.,5,2010/3/17 9:41,Male,1961/3/6 17:36,2010/2/1 8:16
588234295,0,Buffy,Navarro,United States,TN,Clarksville,3711 Nec Street,1,2012-03-31 11:47:41,Female,1985-12-12 06:35:08,2018-09-13 13:34:54
588234296,0,Shafira,Cleveland,United States,WA,Olympia,Ap #913-3878 Placerat St.,1,2009-06-19 20:10:36,Male,1975-09-20 03:26:50,2010-04-18 13:50:20
588234297,0,Dustin,Steele,United States,VA,Chesapeake,805 Mollis St.,2,2015-11-02 05:19:40,Male,1970-10-06 13:46:36,2011-01-19 12:32:28
588234298,0,Wendy,Baker,United States,VA,Virginia Beach,"255-6298 Sapien, Rd.",2,2009-06-11 01:18:59,Female,1998-03-19 18:57:05,2012-12-05 19:37:44
588234299,0,Inez,Randall,United States,MA,Worcester,4286 Mus. St.,3,2012-12-23 23:37:43,Male,1984-09-08 18:36:00,2011-08-01 17:36:18
588234300,0,Sydney,Leon,United States,NE,Omaha,Ap #162-7312 Aliquet Av.,3,2014-12-05 22:49:29,Female,1992-07-27 08:12:05,2010-11-11 12:28:53
588234301,0,Alyssa,Haney,United States,FL,Tallahassee,849-4787 Suspendisse St.,4,2013-03-09 13:29:29,Male,1974-05-02 00:38:19,2011-11-12 21:36:18
588234302,0,Ciaran,Reeves,United States,KY,Louisville,"P.O. Box 741, 5464 Elementum, Ave",4,2016-07-08 22:46:26,Male,1976-08-16 03:55:52,2015-12-25 19:27:29
588234303,0,Wallace,Cardenas,United States,VA,Norfolk,"P.O. Box 599, 3506 Nulla Av.",5,2015-12-12 12:38:56,Male,1991-11-25 19:32:36,2015-12-18 23:07:34
588234304,0,Oleg,Franco,United States,WA,Spokane,Ap #926-7693 Hendrerit Avenue,5,2010-08-06 06:08:28,Female,1991-10-24 21:13:25,2010-05-10 07:03:35
588234305,0,Kato,Huffman,United States,HI,Kaneohe,Ap #347-1231 Faucibus Rd.,1,2012-09-28 15:08:08,Female,1977-06-11 08:37:54,2016-10-21 05:04:44
588234306,0,Indira,Dotson,United States,OK,Tulsa,3471 Eget Street,1,2013-11-21 20:45:07,Female,1990-09-29 19:35:55,2009-09-06 17:14:01
588234307,0,Hector,Hale,United States,MS,Jackson,3784 Pellentesque St.,2,2010-07-31 09:39:29,Female,1987-10-20 01:04:31,2014-04-05 11:23:27
588234308,0,Kyle,Rosales,United States,TN,Knoxville,"P.O. Box 494, 2781 Suspendisse Av.",2,2018-02-02 18:18:03,Female,1980-06-18 08:43:55,2013-11-06 03:08:11
588234309,0,Jamal,Page,United States,KS,Kansas City,Ap #596-350 Interdum Avenue,3,2011-03-25 00:00:24,Male,1981-06-03 23:07:26,2010-03-15 09:03:04
588234310,0,Nichole,Kirkland,United States,NV,Paradise,Ap #147-9433 Dui Ave,3,2018-09-30 09:33:04,Male,1977-09-11 09:03:19,2010-09-27 00:58:54
588234311,0,Yoshi,Vega,United States,AL,Birmingham,591-2635 Tincidunt Rd.,4,2013-01-22 11:00:23,Male,1999-10-06 20:23:53,2014-05-12 14:14:24
588234312,0,Destiny,Barnes,United States,CO,Aurora,Ap #183-5062 Sem Road,4,2009-08-30 22:57:32,Male,1997-01-06 17:20:51,2013-01-27 00:09:57
588234313,0,Ciara,Stone,United States,HI,Kapolei,426-4593 Lacinia Street,5,2015-09-02 03:06:30,Female,1993-11-23 02:04:38,2015-07-28 01:21:43
588234314,0,Imani,Hebert,United States,DE,Wilmington,913-9868 Amet St.,5,2014-02-17 12:37:04,Male,1973-11-10 03:24:04,2013-08-05 02:38:48
588234315,0,Regan,Miles,United States,IA,Sioux City,135-9543 Sed St.,1,2014-02-19 03:10:19,Male,1978-11-23 22:09:44,2009-04-20 16:05:34
588234316,0,Beck,Nelson,United States,AR,Fort Smith,"3596 Tortor, Rd.",1,2018-08-24 13:14:44,Female,1973-05-30 04:06:07,2014-02-26 15:01:41
588234317,0,Clio,Witt,United States,CT,Waterbury,9081 Mauris Rd.,2,2013-04-23 03:01:54,Male,1986-06-02 17:53:46,2013-08-31 18:10:50
588234318,0,Minerva,Gutierrez,United States,VT,Montpelier,"P.O. Box 595, 6547 Tempor St.",2,2017-07-29 15:58:52,Female,1974-04-05 03:56:26,2013-04-20 11:56:23
588234319,0,Emi,Mathis,United States,WI,Madison,"Ap #474-3929 Congue, Road",3,2010-03-13 03:58:06,Female,1989-03-10 12:13:40,2018-04-19 01:14:40
588234320,0,Dolan,Delgado,United States,MI,Lansing,Ap #259-3072 Mus. Av.,3,2016-03-04 12:16:48,Male,1989-04-13 01:17:17,2015-10-17 11:40:11
588234321,0,Yvonne,Whitley,United States,CO,Denver,6365 Scelerisque Road,4,2017-06-26 23:22:31,Male,1996-05-06 17:07:55,2017-01-17 08:04:20
588234322,0,Zena,Leonard,United States,PA,Harrisburg,"742-1997 Magna, Road",4,2016-06-03 19:28:16,Female,1988-12-14 05:00:23,2014-08-09 05:01:43
588234323,0,Blaze,Sullivan,United States,AL,Birmingham,"649-3541 Id, St.",5,2010-05-22 05:57:41,Male,1981-01-23 19:29:14,2018-03-24 08:04:36
588234324,0,Ciaran,Preston,United States,TX,Dallas,270-1078 Felis Rd.,5,2010-09-28 03:28:32,Male,1988-04-06 16:18:45,2015-10-24 21:29:21
588234325,0,Christen,Noel,United States,MS,Jackson,"P.O. Box 308, 9815 Diam St.",1,2018-01-29 00:16:55,Male,1995-07-18 23:40:25,2017-05-15 19:15:22
588234326,0,Penelope,Aguilar,United States,TN,Nashville,984-5174 Eleifend Rd.,1,2015-04-14 11:48:06,Male,1983-12-29 04:18:21,2016-01-01 07:29:56
588234327,0,Josiah,Schneider,United States,CO,Fort Collins,4072 Fringilla Ave,2,2013-04-15 11:05:46,Male,1988-08-24 15:01:04,2016-02-21 11:27:22
588234328,0,Riley,Snyder,United States,LA,Shreveport,"P.O. Box 170, 5160 Tellus Rd.",2,2012-05-24 17:29:58,Male,1984-02-04 09:27:43,2009-03-21 04:56:52
588234329,0,Phoebe,Hurley,United States,WY,Casper,7948 Fusce Ave,3,2017-01-17 23:26:16,Female,1977-11-07 14:34:12,2010-07-25 08:46:21
588234330,0,Jane,Eaton,United States,TN,Chattanooga,Ap #293-7865 Mi. Avenue,3,2015-12-16 01:50:03,Male,1997-07-05 01:43:13,2016-05-07 11:57:02
588234331,0,Justine,Blackburn,United States,FL,Tampa,255-3467 Phasellus Road,4,2009-06-30 01:13:17,Female,1987-10-09 10:20:39,2015-10-14 01:00:29
588234332,0,Shea,Flores,United States,MT,Butte,108-5014 Feugiat St.,4,2014-08-21 18:47:09,Male,1982-04-09 01:30:25,2015-08-21 01:20:51
588234333,0,Orson,Reid,United States,AL,Tuscaloosa,Ap #482-1206 Fringilla Ave,5,2013-11-03 07:47:25,Male,1969-11-28 08:56:33,2010-06-29 19:26:42
588234334,0,Abbot,Blackwell,United States,WA,Seattle,"P.O. Box 298, 8480 In Av.",5,2018-05-02 14:48:05,Female,1971-06-20 09:44:18,2009-10-30 02:36:51
588234335,0,Leonard,Scott,United States,CO,Denver,Ap #518-3871 Purus. Av.,1,2011-08-30 08:19:26,Female,1990-01-24 02:30:00,2014-07-16 09:00:14
588234336,0,Quinn,Cain,United States,DE,Dover,811-2329 Eleifend Avenue,1,2010-02-16 10:42:38,Female,1983-04-03 02:15:05,2011-11-23 15:31:39
588234337,0,Edan,Copeland,United States,KY,Frankfort,Ap #220-390 Rhoncus Road,2,2014-11-04 09:09:11,Female,1998-04-29 14:08:50,2016-11-13 21:28:43
588234338,0,Dakota,Greene,United States,WI,Racine,Ap #294-8907 Nulla. Avenue,2,2010-12-07 07:34:34,Female,1993-04-18 05:34:33,2009-11-24 21:05:51
588234339,0,Kristen,Cameron,United States,AZ,Phoenix,5951 Vehicula Avenue,3,2018-08-20 03:25:59,Female,1977-09-05 21:59:05,2014-02-14 18:26:01
588234340,0,Kelly,Briggs,United States,KS,Wichita,"P.O. Box 938, 9389 Dui Rd.",3,2013-02-26 11:13:53,Female,1982-07-13 17:27:04,2017-11-21 04:38:07
588234341,0,Abel,Farrell,United States,LA,Shreveport,155-2412 Gravida. Rd.,4,2017-02-17 06:02:10,Male,1989-11-26 22:46:28,2016-10-12 22:40:44
588234342,0,Harrison,Guy,United States,MS,Jackson,9251 Vel Street,4,2018-06-21 08:17:32,Female,1987-07-07 04:24:24,2013-09-02 09:52:23
588234343,0,Armand,Norton,United States,OR,Portland,303-9709 Semper Road,5,2016-02-22 23:59:32,Male,1975-03-20 20:39:25,2010-11-18 18:13:19
588234344,0,Paula,Howell,United States,ME,Lewiston,Ap #431-4628 Elit. Street,5,2016-09-25 05:57:38,Female,1987-06-22 07:34:17,2014-05-25 21:42:11
588234345,0,Jasper,Rutledge,United States,IN,Evansville,931-1556 Lorem Street,1,2012-02-23 16:09:13,Male,1983-05-16 20:50:20,2010-07-14 07:51:08
588234346,0,Barclay,Vasquez,United States,WA,Seattle,"635-8849 Lacus, Rd.",1,2010-11-18 08:30:45,Male,1987-01-06 01:29:16,2012-01-08 14:57:53
588234347,0,Rajah,Michael,United States,WI,Green Bay,Ap #472-8486 Leo. Rd.,2,2016-07-17 01:13:04,Male,1984-05-03 15:02:26,2017-02-22 17:54:09
588234348,0,Uriah,Joyner,United States,AR,Fayetteville,1651 Enim. Av.,2,2011-07-26 06:53:54,Female,1979-03-18 22:15:09,2018-06-09 05:32:35
588234349,0,Lucy,Maldonado,United States,FL,Orlando,1116 Natoque St.,3,2018-09-22 20:35:00,Male,1997-01-19 13:57:11,2016-11-17 07:51:35
588234350,0,Chaney,Meyers,United States,CT,Bridgeport,714-1358 Imperdiet St.,3,2010-07-17 21:50:02,Male,1991-09-14 04:32:44,2018-11-07 07:57:49
588234351,0,Destiny,Morales,United States,AK,College,446-7654 In St.,4,2012-10-07 09:50:46,Female,1977-10-04 01:47:01,2010-12-22 16:03:49
588234352,0,Haley,Obrien,United States,KY,Bowling Green,Ap #505-3247 Dis Rd.,4,2016-12-31 21:14:26,Male,1970-01-16 14:04:36,2017-12-29 20:09:07
588234353,0,Erica,Coleman,United States,AK,Anchorage,5323 Molestie Ave,5,2016-01-24 08:42:12,Male,1987-08-15 08:29:56,2013-07-26 10:47:29
588234354,0,Mira,Wilder,United States,OK,Oklahoma City,"P.O. Box 421, 313 Nullam Avenue",5,2009-03-23 19:48:27,Male,1976-09-15 03:24:45,2014-03-18 08:20:25
588234355,0,Calista,Fischer,United States,HI,Kaneohe,325-2028 Ligula St.,1,2012-09-18 09:52:45,Male,1996-03-10 01:06:41,2013-08-12 07:17:59
588234356,0,Martin,Glover,United States,KY,Covington,256-1007 Nunc St.,1,2016-12-24 07:43:02,Male,1971-05-28 11:31:35,2015-10-12 20:03:41
588234357,0,Emery,Meadows,United States,HI,Kaneohe,359-1016 Libero. Rd.,2,2013-01-18 21:57:05,Male,1973-06-06 14:31:52,2018-11-08 02:05:04
588234358,0,Harrison,Ayala,United States,IA,Des Moines,1338 Diam Rd.,2,2011-01-02 12:30:28,Female,1984-03-18 09:24:00,2013-07-30 23:59:47
588234359,0,Elliott,Vaughn,United States,MD,Columbia,"P.O. Box 539, 4321 Metus. St.",3,2017-08-28 18:00:04,Female,1990-06-05 10:09:20,2018-10-24 00:10:25
588234360,0,Zelda,Wilcox,United States,ME,Augusta,251-4321 Aliquam Av.,3,2015-04-08 12:56:56,Male,1984-04-04 17:09:02,2011-07-20 10:32:48
588234361,0,Acton,Lowery,United States,TN,Clarksville,418-9422 Aenean Road,4,2014-11-16 16:00:32,Female,1979-08-30 16:53:53,2018-08-02 22:31:58
588234362,0,Hammett,Tanner,United States,WA,Olympia,Ap #289-3926 Pede. St.,4,2014-10-09 03:18:23,Female,1989-08-13 11:54:58,2009-10-24 08:35:34
588234363,0,Demetria,Bonner,United States,AZ,Chandler,"P.O. Box 312, 369 Lectus Rd.",5,2018-12-01 04:29:41,Male,1979-09-02 11:24:50,2014-05-20 23:11:05
588234364,0,Ethan,Fields,United States,MI,Warren,937-9520 Cras Rd.,5,2014-09-07 07:46:23,Male,1980-01-17 10:34:42,2018-02-10 17:21:08
588234365,0,Regina,Frederick,United States,UT,West Jordan,775-9014 Enim Street,1,2017-02-06 22:25:22,Male,1987-09-04 10:55:47,2011-03-29 08:02:02
588234366,0,Lacy,Guerrero,United States,WA,Olympia,Ap #934-6852 Donec Avenue,1,2012-03-07 11:53:34,Male,1985-01-04 21:55:52,2015-06-13 16:37:28
588234367,0,Elmo,Stuart,United States,MA,Worcester,"P.O. Box 675, 4191 Faucibus. Rd.",2,2012-09-26 03:11:23,Male,1972-07-27 00:51:03,2010-05-18 09:21:54
588234368,0,Daryl,Rivas,United States,OH,Cincinnati,177-7453 Consequat Street,2,2013-12-28 07:35:12,Male,1995-08-09 07:29:20,2016-03-27 05:31:52
588234369,0,Rosalyn,Greene,United States,TX,Austin,"P.O. Box 475, 2799 Amet, Av.",3,2019-02-01 19:10:46,Female,1981-08-27 23:33:29,2009-04-27 04:41:37
588234370,0,Chanda,French,United States,VT,Montpelier,425-7203 Erat St.,3,2014-12-16 21:23:29,Female,1981-03-20 23:32:30,2015-06-22 11:05:12
588234371,0,Ebony,Michael,United States,AR,Springdale,"182-3996 Lorem, Rd.",4,2013-01-30 13:44:23,Female,1999-07-08 01:12:38,2009-03-03 01:48:05
588234372,0,Colleen,Mcknight,United States,WI,Racine,"P.O. Box 740, 6113 Mattis Avenue",4,2015-10-06 04:14:05,Female,1997-11-13 06:40:26,2016-05-27 10:54:24
588234373,0,Oprah,Mosley,United States,UT,Provo,6710 Phasellus St.,5,2013-11-29 19:23:43,Female,1987-08-23 22:46:16,2017-07-21 22:35:10
588234374,0,Madaline,Ross,United States,MO,Saint Louis,839-8931 Nunc Road,5,2018-03-03 05:18:17,Female,1983-11-23 18:26:46,2014-01-24 11:28:26
588234375,0,Orlando,Christian,United States,MI,Sterling Heights,851-4034 Id Av.,1,2015-09-30 01:33:47,Female,1972-03-19 23:40:24,2016-05-07 15:36:47
588234376,0,Mercedes,Holden,United States,WI,Kenosha,"P.O. Box 884, 9198 Duis Road",1,2011-11-07 20:37:13,Female,1979-07-11 12:56:38,2010-08-26 05:46:38
588234377,0,Ariel,Moreno,United States,IN,South Bend,237-1243 Nec Street,2,2016-01-25 01:24:11,Male,1976-06-17 04:33:21,2009-05-07 21:31:21
588234378,0,Rana,Walker,United States,NV,Reno,7295 Risus St.,2,2014-09-17 05:21:24,Male,1981-08-28 12:05:41,2009-07-21 05:21:30
588234379,0,Angela,Griffith,United States,HI,Kapolei,289-7008 Purus. St.,3,2010-03-11 22:16:13,Female,1977-11-27 16:47:03,2014-03-30 07:22:34
588234380,0,Rebecca,Dunlap,United States,GA,Atlanta,"P.O. Box 104, 6106 Sem. Av.",3,2018-08-30 20:39:48,Male,1969-04-14 21:04:27,2010-04-13 14:40:07
588234381,0,Zephania,Hansen,United States,MA,Worcester,687 Nunc Avenue,4,2018-05-06 07:47:00,Male,1998-01-20 08:10:52,2011-05-08 02:04:15
588234382,0,Hanae,Lawrence,United States,KS,Topeka,315-2335 Sed St.,4,2012-11-03 13:18:21,Male,1982-09-12 04:19:23,2014-10-24 10:36:59
588234383,0,Justina,Cash,United States,OH,Cleveland,2670 Dictum Rd.,5,2010-02-07 09:23:24,Male,1996-08-04 19:41:58,2012-09-24 08:24:31
588234384,0,Deacon,Warner,United States,MO,Saint Louis,"P.O. Box 640, 8947 A, Road",5,2013-02-27 12:40:53,Female,1976-12-29 11:27:53,2018-02-01 09:49:01
588234385,0,Shelley,Morin,United States,GA,Atlanta,750-102 Aptent Rd.,1,2013-02-15 08:57:42,Female,1981-07-14 00:14:31,2009-09-22 21:55:41
588234386,0,Dieter,Berry,United States,AL,Tuscaloosa,960-6960 Enim. Street,1,2013-11-16 00:33:25,Female,1995-04-29 00:07:50,2010-11-24 02:31:38
588234387,0,Roth,Palmer,United States,CO,Fort Collins,"7055 Suscipit, Avenue",2,2010-09-29 20:21:26,Female,1992-11-26 15:53:29,2011-05-28 07:58:18
588234388,0,Odysseus,Hill,United States,CA,San Jose,Ap #564-7823 Scelerisque Ave,2,2012-04-09 03:24:15,Female,1989-04-21 01:39:12,2014-09-07 15:53:10
588234389,0,Martha,Harrington,United States,IN,South Bend,Ap #916-9259 Sociosqu St.,3,2013-12-14 09:17:55,Female,1969-08-07 05:37:39,2018-06-07 03:28:37
588234390,0,Vivian,Forbes,United States,PA,Harrisburg,Ap #625-761 Feugiat. St.,3,2016-10-26 17:23:36,Female,1986-02-12 20:16:20,2015-09-16 19:58:39
588234391,0,Hayfa,Glass,United States,OH,Cleveland,Ap #940-2121 Varius St.,4,2014-07-31 15:36:40,Female,1992-03-31 07:03:06,2010-12-03 09:00:00
588234392,0,Asher,Humphrey,United States,CO,Lakewood,293-5064 Id Ave,4,2017-12-28 05:42:52,Male,1978-01-03 01:20:24,2015-06-01 04:15:31
588234393,0,Samantha,Lawrence,United States,OR,Eugene,"P.O. Box 729, 2434 Rutrum Road",5,2010-11-27 01:32:23,Male,1981-12-07 11:10:25,2014-02-18 17:37:19
588234394,0,Yen,Bryant,United States,OR,Eugene,566-6280 Nullam Street,5,2009-05-06 23:19:08,Male,1987-06-11 14:46:25,2016-03-26 22:46:52
