experience_id,experience_name,experience_category,experience_price,experience_country,host_id,experience_city,experience_address,experience_review_score,itinerary_id,created_date,modified_date
66445487,"condimentum eget, volutpat",dining,71,United States,906757000,Tacoma,"P.O. Box 542, 3303 Augue St.",1,220111264,2017/1/26 10:50,2013/1/28 19:57
658724240,"enim. Suspendisse aliquet,",entertainment,41,United States,901011148,Des Moines,Ap #930-1891 Et St.,1,472179191,2009/5/4 13:11,2012/2/24 6:01
158708461,"nisl elementum purus,",entertainment,79,United States,876954710,Honolulu,218 Sagittis. Rd.,2,171913866,2010/3/5 17:35,2014/2/27 13:25
237574710,"non, luctus sit",entertainment,43,United States,622680288,Great Falls,"P.O. Box 225, 3655 Nec, Av.",2,261541254,2010/6/30 11:29,2010/1/12 8:48
635111149,Cras eu tellus,entertainment,41,United States,784818130,Kaneohe,"P.O. Box 482, 9383 Phasellus Road",2,703354985,2010/4/28 2:52,2016/8/19 21:42
626539142,Vivamus non lorem,tour,2,United States,182336990,Kansas City,Ap #565-3904 Laoreet Av.,5,43925551,2018/12/31 1:49,2018/1/22 12:57
607495942,"consequat, lectus sit",dining,43,United States,591074604,Louisville,964-1181 Etiam St.,3,716014881,2017/6/4 0:50,2018/7/8 17:35
632176582,"pellentesque, tellus sem",entertainment,23,United States,818594749,Hattiesburg,"P.O. Box 870, 7507 Fringilla Rd.",3,920270584,2017/10/9 9:54,2011/2/10 9:31
676114564,viverra. Maecenas iaculis,entertainment,3,United States,650659360,Miami,"P.O. Box 935, 3611 Integer Rd.",3,860162650,2014/6/11 19:43,2014/4/9 12:20
249790072,"ligula tortor, dictum",dining,31,United States,411781206,Kearney,"P.O. Box 875, 6364 Augue St.",4,946030889,2014/7/1 13:03,2011/10/1 23:00
895279255,Suspendisse sed dolor.,tour,53,United States,230133985,Glendale,"944 Et, Street",2,608955662,2010/4/21 0:35,2011/7/17 23:05
9593310,eu odio tristique,tour,47,United States,500769369,Lexington,3835 Lorem Street,5,918654971,2013/8/1 4:10,2013/6/27 21:24
105470058,"at, velit. Cras",tour,31,United States,842886731,Bloomington,"P.O. Box 333, 6146 In Avenue",2,409585502,2012/3/25 23:39,2013/3/22 6:42
397879115,consectetuer adipiscing elit.,tour,79,United States,10082212,Oklahoma City,"P.O. Box 427, 7161 Maecenas St.",4,810386342,2015/2/11 16:57,2017/1/28 20:51
487894826,neque sed dictum,dining,19,United States,480566553,Saint Louis,9615 Molestie Ave,4,635241177,2010/1/5 3:28,2011/12/28 2:42
215242710,"id, blandit at,",tour,71,United States,154624456,Boise,Ap #336-2122 Sed Street,5,346663040,2011/12/2 11:37,2018/1/4 17:14
632797692,eget odio. Aliquam,dining,61,United States,79428025,Rutland,"P.O. Box 690, 8360 Nunc St.",3,473937084,2013/11/3 12:58,2012/12/18 2:09
789650959,Nulla facilisi. Sed,dining,61,United States,10177152,Fort Smith,Ap #747-5504 Vitae Avenue,2,937279503,2011/11/3 10:04,2016/8/23 11:59
28746907,rhoncus. Donec est.,tour,23,United States,155663727,Birmingham,135-960 Felis Road,3,825492986,2012/3/14 20:09,2010/5/19 13:23
493972616,ante ipsum primis,dining,13,United States,311736797,Cheyenne,"561 Nunc, St.",3,672521176,2013/12/25 19:27,2011/12/14 13:32
916575012,"auctor vitae, aliquet",dining,47,United States,884073990,San Francisco,Ap #216-9663 Vitae Ave,1,735198392,2014/4/27 5:19,2015/9/3 3:02
670761477,Nam consequat dolor,entertainment,71,United States,898603824,West Jordan,380-3112 Non Street,3,841053291,2012/4/3 23:45,2016/5/29 10:35
696183037,In condimentum. Donec,entertainment,89,United States,831261391,Omaha,"P.O. Box 593, 4122 Adipiscing Ave",4,262738875,2011/6/8 23:02,2010/5/23 12:09
523950236,ac libero nec,tour,2,United States,258849736,Salt Lake City,7427 Rutrum Avenue,4,598727220,2018/12/9 0:27,2018/5/11 2:20
850504564,ornare. In faucibus.,entertainment,3,United States,6344337,Grand Island,"P.O. Box 305, 1952 Maecenas Avenue",4,330246745,2017/12/30 21:46,2016/12/5 14:41
396769382,"Duis mi enim,",dining,29,United States,115349433,Fort Collins,"P.O. Box 304, 5877 Imperdiet Avenue",3,91569152,2016/10/24 7:47,2014/12/10 14:12
982452203,ac risus. Morbi,entertainment,37,United States,831260385,Jefferson City,3856 Luctus St.,5,788923217,2009/3/9 4:37,2012/6/20 11:32
556392223,commodo tincidunt nibh.,tour,59,United States,577433584,Juneau,"P.O. Box 212, 4207 Lorem St.",1,496298332,2016/11/15 4:26,2010/6/8 22:23
930853395,Sed malesuada augue,dining,29,United States,611174459,Kaneohe,"P.O. Box 165, 3887 Aliquam Av.",1,511362279,2009/4/2 5:33,2012/10/28 6:25
45615549,molestie pharetra nibh.,dining,97,United States,918427147,Bridgeport,"Ap #145-6930 Vulputate, Av.",5,191619683,2011/6/13 4:34,2013/3/30 8:43
695101691,"lectus. Nullam suscipit,",entertainment,59,United States,628594764,Bear,4461 Lorem Road,4,542615471,2012/9/19 23:29,2017/5/6 5:53
808069231,ornare. In faucibus.,dining,47,United States,913461430,Lansing,898-6046 Ligula. St.,5,800254369,2012/8/14 1:58,2017/4/21 9:08
698226057,Proin mi. Aliquam,entertainment,3,United States,924890429,Cheyenne,"P.O. Box 339, 559 Sem St.",2,290975465,2018/10/9 4:55,2015/5/29 14:23
446812927,laoreet ipsum. Curabitur,tour,3,United States,49812241,South Portland,880 Imperdiet St.,2,230076614,2011/8/21 6:43,2009/4/3 13:01
752817742,"non, luctus sit",tour,31,United States,190106930,Fort Wayne,3571 Cursus. Rd.,5,265913764,2012/12/3 13:02,2017/5/2 15:03
578132201,tristique aliquet. Phasellus,dining,89,United States,968433185,Wichita,8422 Sed Rd.,5,673761565,2018/10/12 14:16,2012/2/15 17:46
564521045,"a, malesuada id,",dining,41,United States,255477374,West Jordan,3941 Malesuada Ave,1,50238021,2014/6/12 17:47,2010/11/27 0:22
759209109,vitae aliquam eros,entertainment,11,United States,822204186,Juneau,Ap #746-2454 A Avenue,3,975368358,2010/1/28 1:02,2012/3/16 7:27
219905296,"dolor sit amet,",dining,41,United States,941659104,Overland Park,Ap #671-9268 Lorem St.,1,587150475,2009/10/3 4:02,2010/4/16 9:09
90265240,"non, cursus non,",entertainment,97,United States,621534148,Austin,"786-878 At, Street",4,546318791,2014/8/23 1:49,2017/3/16 14:49
926426115,diam at pretium,entertainment,37,United States,278144829,Chicago,Ap #516-3994 Lectus Avenue,2,539033217,2017/10/21 11:24,2009/11/21 4:59
420722134,sapien imperdiet ornare.,tour,2,United States,226582567,Spokane,1448 Lorem Avenue,3,154724355,2015/3/23 11:37,2015/11/7 21:14
854510518,arcu. Curabitur ut,dining,2,United States,607536612,Spokane,"P.O. Box 399, 5627 Pede. Av.",5,327284188,2014/9/6 5:22,2010/5/24 4:29
782775639,gravida sagittis. Duis,entertainment,41,United States,283553519,Rockville,"P.O. Box 361, 8011 Cum St.",2,535690945,2017/12/2 3:19,2016/4/21 7:06
10561264,dictum. Proin eget,entertainment,17,United States,642831291,Boston,Ap #848-5017 Urna. St.,4,875833394,2015/2/16 14:50,2011/9/17 20:07
165566530,"eleifend nec, malesuada",entertainment,67,United States,648464006,Carson City,577-7207 Primis Ave,2,373822204,2016/8/20 19:25,2009/7/1 12:09
358084713,sapien. Aenean massa.,dining,79,United States,395474869,Worcester,135-3767 Fermentum Ave,4,991252883,2013/2/13 4:21,2013/10/7 5:58
341696243,felis ullamcorper viverra.,tour,89,United States,833364193,Joliet,Ap #125-6851 Suscipit Road,5,511776460,2014/6/11 10:22,2013/1/22 20:26
18992842,quis massa. Mauris,entertainment,43,United States,660747288,Wichita,Ap #892-524 Pellentesque Rd.,3,154787832,2015/10/11 0:59,2017/3/22 21:59
554065193,massa. Vestibulum accumsan,tour,59,United States,661422022,Covington,Ap #582-2175 Felis. St.,5,540601630,2015/8/27 19:56,2017/6/1 11:59
123742892,Phasellus nulla. Integer,tour,41,United States,642184451,Tacoma,"P.O. Box 959, 378 Nunc Rd.",2,22533343,2014/3/4 0:44,2012/12/19 11:09
938771979,Nulla eget metus,entertainment,59,United States,511257958,Butte,4406 Amet Rd.,5,258211564,2018/4/8 10:44,2011/12/25 22:37
593494826,"ut, sem. Nulla",entertainment,19,United States,392732277,Baltimore,Ap #352-5495 Suspendisse Rd.,2,782665079,2016/11/16 19:42,2011/3/22 18:17
171056336,"accumsan convallis, ante",dining,47,United States,597919547,Cedar Rapids,Ap #296-4000 Arcu Street,2,37393725,2017/3/18 6:07,2014/10/4 14:54
686479940,Mauris ut quam,tour,1,United States,650351232,Savannah,Ap #405-550 Phasellus Rd.,5,201552080,2012/5/29 19:08,2016/6/9 1:14
295755854,"lectus convallis est,",entertainment,29,United States,853781003,West Valley City,Ap #723-741 Erat Ave,4,645048869,2014/11/26 11:33,2010/8/2 11:45
917916884,elit. Curabitur sed,dining,59,United States,350873410,Grand Island,"Ap #380-3115 Et, Rd.",1,462036138,2018/6/5 3:23,2018/12/14 16:01
344111703,tempor bibendum. Donec,dining,41,United States,477445654,Clarksville,"P.O. Box 168, 4229 Iaculis, Rd.",5,751269226,2016/4/21 21:54,2011/5/4 23:09
987492758,faucibus. Morbi vehicula.,entertainment,31,United States,205982390,Fresno,Ap #141-3506 Massa Av.,4,887785640,2013/3/4 9:25,2012/12/26 15:40
433644960,"Nullam suscipit, est",entertainment,1,United States,475708053,Provo,178-3991 Felis. St.,4,650890783,2011/4/22 18:36,2017/10/27 15:29
886502483,"quis, tristique ac,",tour,53,United States,745844654,Hilo,575-5517 Id Street,2,73455016,2014/6/27 15:33,2014/2/17 16:46
376983318,elit erat vitae,dining,7,United States,587522483,Kailua,621-4810 Congue Road,2,725556898,2018/2/10 22:24,2014/6/5 8:01
281202606,posuere cubilia Curae;,entertainment,71,United States,603433962,Frederick,202-999 Lacus. Road,2,484602594,2010/3/11 8:24,2012/7/23 23:52
784715765,sem magna nec,dining,71,United States,28815769,Fort Worth,5616 Phasellus St.,4,786661371,2013/11/28 10:12,2009/10/11 11:55
21411319,sodales nisi magna,tour,13,United States,779275684,Memphis,4227 Donec St.,1,686604919,2018/7/31 13:53,2011/10/9 9:34
371087958,magnis dis parturient,dining,61,United States,868450040,Lowell,376-7789 Sem St.,4,126800994,2011/9/23 1:13,2017/7/19 14:21
715997250,"dictum eu, placerat",dining,71,United States,383682952,Warren,"P.O. Box 629, 2112 Dignissim. Rd.",3,382227346,2012/2/15 8:00,2014/5/10 20:28
436578082,velit eget laoreet,dining,59,United States,347249989,Baton Rouge,Ap #128-7014 Risus. Avenue,4,911009843,2010/11/23 0:56,2010/10/22 12:52
183532407,diam eu dolor,dining,13,United States,816971774,Davenport,9950 Adipiscing Road,5,596313312,2011/12/14 18:15,2013/7/9 0:59
180710642,tincidunt adipiscing. Mauris,tour,89,United States,923674766,Colchester,405-1006 Cras Avenue,2,828418426,2014/1/2 17:05,2012/4/17 11:15
257563965,dapibus gravida. Aliquam,dining,41,United States,114128960,Davenport,"P.O. Box 782, 6848 Nulla Av.",3,513085217,2017/11/20 19:25,2010/3/12 8:45
750074502,tortor nibh sit,entertainment,41,United States,776340432,Kansas City,9926 Ac St.,3,380310417,2016/7/20 19:44,2009/5/6 23:23
421107673,ac mi eleifend,dining,2,United States,403742083,Norfolk,Ap #958-3108 Imperdiet Av.,1,592217889,2016/9/5 8:54,2009/12/22 9:40
660455510,Nunc ac sem,dining,89,United States,162967822,Bangor,9840 At Avenue,2,467629036,2011/10/17 22:08,2018/5/15 22:46
76333335,risus. Duis a,dining,79,United States,436978373,Dover,237 Nunc Road,1,285199220,2013/9/28 4:16,2013/9/18 3:54
364985069,"nibh dolor, nonummy",dining,73,United States,525907895,Southaven,9477 Odio Rd.,1,252711338,2013/7/16 10:35,2009/12/31 3:03
308336601,enim diam vel,entertainment,41,United States,579385352,Boise,6282 Cum Road,2,606513091,2014/1/8 4:58,2012/11/29 18:39
774345441,Aliquam ultrices iaculis,entertainment,31,United States,451820187,Kansas City,Ap #909-5183 Fermentum Road,2,896906641,2013/2/4 14:16,2016/1/12 8:29
166494328,"Donec tempor, est",entertainment,5,United States,778235143,Tulsa,"P.O. Box 286, 209 Dictum St.",1,863413068,2018/2/25 18:30,2017/6/14 3:51
92653120,neque. Morbi quis,dining,23,United States,787835529,Naperville,"P.O. Box 264, 3800 Sit Street",5,210831855,2016/7/24 2:58,2018/1/1 3:29
564441657,enim diam vel,entertainment,11,United States,881470389,Denver,402-6224 Maecenas Rd.,2,160673224,2014/3/19 9:14,2011/3/9 21:20
826986283,dolor. Quisque tincidunt,dining,97,United States,879969376,Casper,Ap #440-7586 Phasellus Street,4,558154787,2015/11/20 22:59,2012/3/17 6:51
664082716,non justo. Proin,tour,41,United States,713265767,Jacksonville,Ap #332-1937 Massa. Av.,5,270324833,2018/3/28 10:44,2009/3/28 11:33
779402098,pede. Suspendisse dui.,dining,29,United States,900213679,Newark,3341 Sit Rd.,4,198816654,2018/1/25 15:40,2014/11/18 18:45
474038890,"dolor dolor, tempus",tour,53,United States,510642622,Harrisburg,"P.O. Box 991, 1531 Semper, Road",2,720893742,2014/2/12 15:39,2015/8/31 21:26
714277191,arcu eu odio,entertainment,89,United States,998917843,Racine,Ap #778-9308 Suspendisse Ave,3,162763155,2016/1/14 17:44,2009/12/16 13:54
636442261,"dui, nec tempus",dining,23,United States,21573720,Reading,6537 Et Road,4,683454144,2018/11/2 6:42,2012/5/1 19:22
585421886,"vel, mauris. Integer",tour,37,United States,600981062,Aurora,"3750 At, Rd.",1,685898744,2012/8/16 22:56,2014/8/10 21:16
924492846,nibh. Donec est,entertainment,61,United States,869240705,Gresham,Ap #711-6451 Consequat Road,5,549963320,2012/3/19 6:39,2014/5/6 4:51
457128890,accumsan laoreet ipsum.,tour,89,United States,455619742,Independence,242-7124 Fames Ave,5,262512270,2010/3/23 11:54,2017/6/20 15:46
765525613,"malesuada id, erat.",dining,5,United States,902841352,Harrisburg,"P.O. Box 761, 980 Adipiscing Road",4,572570240,2017/1/30 14:47,2013/4/29 7:02
668480320,non dui nec,dining,47,United States,658935820,Lakewood,Ap #113-2236 Ipsum Avenue,4,697876589,2010/4/11 1:12,2015/1/12 9:59
383620754,sed sem egestas,dining,7,United States,534663083,Grand Rapids,Ap #782-9422 Quis Road,1,63360309,2018/9/30 12:02,2015/4/18 8:22
872094313,vel est tempor,tour,19,United States,261775530,Evansville,"Ap #261-5350 Pharetra, St.",5,655000420,2011/6/19 8:01,2016/11/26 22:11
57105868,"iaculis nec, eleifend",dining,43,United States,425432168,Boston,Ap #370-5136 Vivamus Avenue,1,90507351,2016/7/10 13:21,2011/6/17 7:20
580435063,interdum feugiat. Sed,dining,7,United States,249099342,Duluth,1006 Interdum. Rd.,4,302743406,2009/9/15 6:17,2010/4/12 15:52
814673273,Nunc ac sem,entertainment,47,United States,443899554,Phoenix,8380 Id Rd.,3,766282131,2014/5/2 13:11,2018/11/1 3:24
94909173,Curae; Donec tincidunt.,entertainment,89,United States,267078913,Hillsboro,"P.O. Box 715, 1207 Fusce Rd.",5,505846675,2017/9/29 2:31,2015/2/26 4:39
842720948,"lacus, varius et,",tour,97,United States,767518426,Seattle,Ap #182-1281 Laoreet Rd.,4,376309985,2015/5/15 5:50,2010/4/22 16:47
850813916,vitae nibh. Donec,tour,53,United States,243921897,Annapolis,"P.O. Box 299, 861 Maecenas St.",3,221989221,2010/3/17 9:41,2010/2/1 8:16
