property_id,property_name,state,city,street_address,property_type,property_accomadates,bathrooms,bedrooms,square_ft,amenities,cancellation_policy,daily_price,weekly_price,monthly_price,cleaning_fee,host_customer_id,created_date,modified_date
501326102,"ligula elit, pretium",VA,Tacoma,Ap #811-4242 Sociis Street,caravan,1,1,1,1232,"bedroom_comforts, dishwasher, full_kitchen, coffee_maker",1,100,689,2000,10,350512901,2017/1/26 10:50,2013/1/28 19:57
18608182,"tempor lorem, eget",NE,Des Moines,"P.O. Box 260, 953 Lobortis Ave",house,2,2,2,1234,"bedroom_comforts, coffee_maker, full_kitchen, elevator, air_conditioner, wifi, hair_dryer, bathroom_essentials, TV, dryer, dishwasher, washer, iron",2,80,689,2000,10,341982908,2009/5/4 13:11,2012/2/24 6:01
262072093,"conubia nostra, per",OH,Honolulu,Ap #205-3371 Sagittis. Street,condo,3,3,3,2341,"air_conditioner, TV, wifi, full_kitchen, coffee_maker, iron",3,90,689,2000,10,213252562,2010/3/5 17:35,2014/2/27 13:25
225097989,libero. Donec consectetuer,MO,Helena,9873 Tortor St.,condo,4,4,4,1000,,1,110,689,2000,10,608300661,2010/6/30 11:29,2010/1/12 8:48
155891468,Aliquam ultrices iaculis,TN,Hilo,Ap #850-3054 Sed Street,caravan,5,5,5,1234,"iron, coffee_maker, washer, wifi, bathroom_essentials, bedroom_comforts, dishwasher, dryer",2,120,689,2000,10,715705539,2010/4/28 2:52,2016/8/19 21:42
654819259,orci luctus et,DE,Jefferson City,"P.O. Box 585, 5196 Enim Street",house,6,6,6,5432,"hair_dryer, bedroom_comforts, coffee_maker, washer, full_kitchen",3,130,689,2000,10,797306453,2018/12/31 1:49,2018/1/22 12:57
774736201,"consectetuer, cursus et,",AK,Lexington,165-831 Nunc. St.,caravan,7,1,7,3452,"wifi, TV, bathroom_essentials, air_conditioner, hair_dryer, dishwasher, bedroom_comforts, washer, full_kitchen, iron",1,250,689,2000,10,790241103,2017/6/4 0:50,2018/7/8 17:35
310368188,"ac mattis semper,",MA,Southaven,"P.O. Box 246, 3342 Sed St.",caravan,8,2,1,1232,coffee_maker,2,100,689,2000,10,942460080,2017/10/9 9:54,2011/2/10 9:31
9925272,adipiscing elit. Curabitur,GA,Tallahassee,207 Quam St.,caravan,9,3,2,1234,,3,80,689,2000,10,299072017,2014/6/11 19:43,2014/4/9 12:20
833934060,Donec fringilla. Donec,AZ,Bellevue,3362 Malesuada Rd.,caravan,10,4,3,2341,"iron, bathroom_essentials, bedroom_comforts, hair_dryer, dryer, washer, wifi, air_conditioner, TV, elevator, dishwasher, full_kitchen, coffee_maker",1,90,689,2000,10,972337521,2014/7/1 13:03,2011/10/1 23:00
140428855,condimentum. Donec at,AZ,Mesa,294-715 Ante. Av.,house,11,5,4,1000,"bedroom_comforts, TV, dryer, wifi, coffee_maker, iron, washer, full_kitchen, bathroom_essentials, dishwasher, air_conditioner, elevator, hair_dryer",2,110,700,2100,15,425160090,2010/4/21 0:35,2011/7/17 23:05
561686056,congue. In scelerisque,LA,Louisville,"P.O. Box 189, 8063 Penatibus St.",house,12,6,5,1234,"bathroom_essentials, iron, dryer, air_conditioner, coffee_maker, full_kitchen, bedroom_comforts, wifi, washer, elevator, hair_dryer",3,120,700,2100,15,588490987,2013/8/1 4:10,2013/6/27 21:24
876409749,odio. Phasellus at,IN,Duluth,"P.O. Box 598, 2804 Pellentesque. Av.",condo,1,1,6,5432,"wifi, full_kitchen, elevator, air_conditioner, dishwasher, dryer, washer, bathroom_essentials, hair_dryer, bedroom_comforts, TV",1,130,700,2100,15,974627663,2012/3/25 23:39,2013/3/22 6:42
971358395,lectus ante dictum,LA,Lawton,Ap #174-4497 Magna. Av.,apartment,2,2,7,3452,"full_kitchen, TV, wifi, elevator, bedroom_comforts, dishwasher, hair_dryer, iron, washer, air_conditioner, dryer, bathroom_essentials",2,250,700,2100,15,843939620,2015/2/11 16:57,2017/1/28 20:51
174038588,erat. Vivamus nisi.,KS,Springfield,"P.O. Box 580, 9418 Euismod Ave",caravan,3,3,1,1232,"dryer, washer, full_kitchen, iron, dishwasher, bedroom_comforts",3,100,700,2100,15,50857184,2010/1/5 3:28,2011/12/28 2:42
818950511,"et, magna. Praesent",OH,Pocatello,"P.O. Box 283, 8516 Amet Ave",caravan,4,4,2,1234,"dryer, TV",1,80,700,2100,15,975056466,2011/12/2 11:37,2018/1/4 17:14
689830651,"Phasellus libero mauris,",NV,South Burlington,391-8190 Cum St.,condo,5,5,3,2341,"bedroom_comforts, iron, full_kitchen, TV, hair_dryer, dishwasher, elevator, air_conditioner, bathroom_essentials, washer, coffee_maker",2,90,700,2100,15,447087081,2013/11/3 12:58,2012/12/18 2:09
525569430,ligula. Nullam feugiat,HI,Fort Smith,6231 Hendrerit Avenue,house,6,6,4,1000,,3,110,700,2100,15,331421131,2011/11/3 10:04,2016/8/23 11:59
832883748,"in, hendrerit consectetuer,",MI,Tuscaloosa,Ap #307-7532 Sed Street,caravan,7,1,5,1234,"elevator, bedroom_comforts, washer, full_kitchen, coffee_maker, wifi, hair_dryer, dishwasher, air_conditioner, bathroom_essentials, iron, TV",1,120,700,2100,15,519855068,2012/3/14 20:09,2010/5/19 13:23
357802768,Aenean eget magna.,MD,Wyoming,1126 Velit Ave,apartment,8,2,6,5432,"full_kitchen, elevator, air_conditioner, TV, washer, wifi, bathroom_essentials, coffee_maker, iron, bedroom_comforts, dryer",2,130,700,2100,15,357395029,2013/12/25 19:27,2011/12/14 13:32
60728953,Aenean gravida nunc,FL,Sacramento,5608 Justo. St.,house,9,3,7,3452,"washer, TV, elevator, bedroom_comforts, air_conditioner, full_kitchen, dishwasher, wifi, hair_dryer, bathroom_essentials",3,250,567,2400,20,944841352,2014/4/27 5:19,2015/9/3 3:02
419962147,"convallis, ante lectus",WY,West Jordan,461 Sed Ave,condo,10,4,1,1232,"TV, full_kitchen, hair_dryer, iron, dishwasher",1,100,567,2400,20,326364171,2012/4/3 23:45,2016/5/29 10:35
221333156,nulla. Donec non,IA,Grand Island,"P.O. Box 173, 5183 Quis Rd.",caravan,11,5,2,1234,"coffee_maker, air_conditioner, bathroom_essentials, wifi",2,80,567,2400,20,980024731,2011/6/8 23:02,2010/5/23 12:09
164523151,cubilia Curae; Donec,OR,West Jordan,"P.O. Box 704, 5698 A St.",house,12,6,3,2341,,3,90,567,2400,20,472414549,2018/12/9 0:27,2018/5/11 2:20
827630674,pharetra nibh. Aliquam,GA,Kearney,"P.O. Box 757, 1035 Purus. Avenue",condo,1,1,4,1000,"washer, full_kitchen, elevator, wifi",1,110,567,2400,20,847680386,2017/12/30 21:46,2016/12/5 14:41
485135701,nec ligula consectetuer,OK,Fort Collins,973-9839 Vestibulum St.,house,2,2,5,1234,"elevator, wifi, TV, iron, dryer",2,120,567,2400,20,103329173,2016/10/24 7:47,2014/12/10 14:12
316116755,Aliquam erat volutpat.,LA,Jefferson City,"P.O. Box 662, 4277 Elementum Rd.",house,3,3,6,5432,"full_kitchen, washer",3,130,567,2400,20,619019508,2009/3/9 4:37,2012/6/20 11:32
260721378,"auctor, nunc nulla",UT,College,879-259 Nullam Avenue,house,4,4,7,3452,coffee_maker,1,250,567,2400,20,275132462,2016/11/15 4:26,2010/6/8 22:23
119819910,enim. Curabitur massa.,IA,Hilo,Ap #192-8425 Nibh St.,condo,5,5,1,1232,"iron, dryer, coffee_maker",2,100,567,2400,20,878920693,2009/4/2 5:33,2012/10/28 6:25
666721931,"scelerisque, lorem ipsum",LA,Stamford,3674 Dolor Road,condo,6,6,2,1234,"TV, bedroom_comforts",3,80,567,2400,20,149485245,2011/6/13 4:34,2013/3/30 8:43
864550223,Pellentesque habitant morbi,OH,Dover,"P.O. Box 101, 2791 Natoque Ave",caravan,7,1,3,2341,,1,90,900,4000,30,195393863,2012/9/19 23:29,2017/5/6 5:53
890335748,"ut, pellentesque eget,",WI,Detroit,"P.O. Box 233, 5053 Nec St.",house,8,2,4,1000,,2,110,900,4000,30,463244657,2012/8/14 1:58,2017/4/21 9:08
716646534,"non, lobortis quis,",AK,Gillette,Ap #492-7632 Risus. St.,house,9,3,5,1234,bathroom_essentials,3,120,900,4000,30,82487356,2018/10/9 4:55,2015/5/29 14:23
666605027,a purus. Duis,AL,Bangor,Ap #384-5621 A Av.,apartment,10,4,6,5432,"full_kitchen, dryer, dishwasher, TV, air_conditioner, coffee_maker, bathroom_essentials",1,130,900,4000,30,972062335,2011/8/21 6:43,2009/4/3 13:01
827386764,netus et malesuada,DE,Indianapolis,Ap #352-1304 Consectetuer St.,condo,11,5,7,3452,"hair_dryer, air_conditioner, full_kitchen",2,250,900,4000,30,438865396,2012/12/3 13:02,2017/5/2 15:03
558531257,"auctor non, feugiat",FL,Olathe,1606 Nunc St.,house,12,6,1,1232,"elevator, bedroom_comforts",3,100,900,4000,30,435290531,2018/10/12 14:16,2012/2/15 17:46
571021344,odio. Phasellus at,WA,West Valley City,"P.O. Box 339, 8054 Quisque Road",house,1,1,2,1234,"washer, air_conditioner, elevator, hair_dryer, coffee_maker, wifi, dishwasher, TV, bathroom_essentials, full_kitchen, iron, dryer",1,80,900,4000,30,460314867,2014/6/12 17:47,2010/11/27 0:22
68658988,massa non ante,DE,Ketchikan,808-3667 Nullam St.,apartment,2,2,3,2341,"dishwasher, iron, bathroom_essentials, dryer, bedroom_comforts, wifi, washer, elevator",2,90,900,4000,30,583835491,2010/1/28 1:02,2012/3/16 7:27
916955792,"faucibus lectus, a",DE,Topeka,2452 Facilisis Street,house,3,3,4,1000,"air_conditioner, iron, wifi, coffee_maker, full_kitchen, washer, bedroom_comforts, hair_dryer, bathroom_essentials, elevator, dishwasher, dryer, TV",3,110,900,4000,30,800426157,2009/10/3 4:02,2010/4/16 9:09
744910845,"dolor, nonummy ac,",GA,Houston,"P.O. Box 543, 5584 Cursus St.",caravan,4,4,5,1234,"air_conditioner, washer, dishwasher, coffee_maker, bathroom_essentials, wifi, elevator",1,120,900,4000,30,457170629,2014/8/23 1:49,2017/3/16 14:49
489678110,vel sapien imperdiet,MI,Springfield,893-5358 Venenatis St.,apartment,5,5,6,5432,"iron, elevator, full_kitchen, air_conditioner, coffee_maker, dishwasher, hair_dryer, wifi, dryer, TV",2,130,680,5000,50,762854610,2017/10/21 11:24,2009/11/21 4:59
130956469,nulla. Cras eu,FL,Tacoma,878 Pellentesque Road,house,6,6,7,3452,"bedroom_comforts, dishwasher, wifi, coffee_maker, air_conditioner, hair_dryer, full_kitchen, dryer, washer, bathroom_essentials, elevator, iron, TV",3,250,680,5000,50,750220519,2015/3/23 11:37,2015/11/7 21:14
172426991,Vestibulum ut eros,VT,Olympia,"546-6038 Tellus, St.",caravan,7,1,1,1232,full_kitchen,1,100,680,5000,50,725777262,2014/9/6 5:22,2010/5/24 4:29
261189658,"ac mattis ornare,",KY,Columbia,5396 Dictum Ave,condo,8,2,2,1234,"air_conditioner, bathroom_essentials, bedroom_comforts, washer, iron, hair_dryer, coffee_maker, wifi",2,80,680,5000,50,402516637,2017/12/2 3:19,2016/4/21 7:06
515018075,suscipit nonummy. Fusce,WA,Lowell,"326-7283 Placerat, Road",house,9,3,3,2341,"bedroom_comforts, elevator, air_conditioner, TV, hair_dryer, dryer",3,90,680,5000,50,940722960,2015/2/16 14:50,2011/9/17 20:07
506521954,"vestibulum, neque sed",CA,Henderson,306-3841 Natoque Avenue,apartment,10,4,4,1000,"bathroom_essentials, bedroom_comforts, coffee_maker",1,110,680,5000,50,279492466,2016/8/20 19:25,2009/7/1 12:09
222132169,Vivamus nisi. Mauris,MI,Cambridge,475-7522 Porttitor Avenue,apartment,11,5,5,1234,"washer, coffee_maker",2,120,680,5000,50,23210818,2013/2/13 4:21,2013/10/7 5:58
33411984,mi. Aliquam gravida,OH,Chicago,"5055 Amet, Road",apartment,12,6,6,5432,"dishwasher, bedroom_comforts, elevator, coffee_maker, washer, dryer",3,130,680,5000,50,926506015,2014/6/11 10:22,2013/1/22 20:26
232898767,amet metus. Aliquam,OR,Overland Park,873-2414 Semper St.,house,1,1,7,3452,"iron, dishwasher, full_kitchen",1,250,680,5000,50,844743047,2015/10/11 0:59,2017/3/22 21:59
152560355,"luctus ut, pellentesque",VT,Owensboro,Ap #595-3706 Nunc Street,condo,2,2,1,1232,"air_conditioner, bedroom_comforts, elevator, dishwasher",2,100,680,5000,50,670410745,2015/8/27 19:56,2017/6/1 11:59
25606534,Aliquam vulputate ullamcorper,KS,Tacoma,318-3729 Venenatis Road,apartment,3,3,2,1234,"bathroom_essentials, dishwasher, air_conditioner, bedroom_comforts",3,80,650,2000,10,207035437,2014/3/4 0:44,2012/12/19 11:09
884283144,"nec, mollis vitae,",OR,Billings,759-4136 Donec St.,caravan,4,4,3,2341,wifi,1,90,650,2000,10,905715363,2018/4/8 10:44,2011/12/25 22:37
435259551,"Donec tempus, lorem",IN,Baltimore,2737 Sed St.,apartment,5,5,4,1000,"bathroom_essentials, TV, full_kitchen, air_conditioner, dryer, elevator, dishwasher, iron, wifi",2,110,650,2000,10,533306031,2016/11/16 19:42,2011/3/22 18:17
572566040,"feugiat non, lobortis",GA,Iowa City,"837-4513 Tincidunt, Rd.",caravan,6,6,5,1234,"bathroom_essentials, dryer, iron, bedroom_comforts, wifi, elevator, air_conditioner, TV, dishwasher, washer",3,120,650,2000,10,87065496,2017/3/18 6:07,2014/10/4 14:54
427470422,lacus. Ut nec,MA,Georgia,819-598 Sagittis St.,house,7,1,6,5432,"hair_dryer, air_conditioner, bathroom_essentials, TV, wifi, coffee_maker",1,130,650,2000,10,941876435,2012/5/29 19:08,2016/6/9 1:14
147859995,neque. Nullam nisl.,PA,West Jordan,4832 Eget St.,house,8,2,7,3452,,2,250,650,2000,10,80521008,2014/11/26 11:33,2010/8/2 11:45
759620750,amet massa. Quisque,OK,Omaha,374-2846 Commodo Av.,apartment,9,3,1,1232,dryer,3,100,650,2000,10,875390445,2018/6/5 3:23,2018/12/14 16:01
155261076,"blandit at, nisi.",UT,Memphis,997-488 Mauris St.,condo,10,4,2,1234,"air_conditioner, wifi, dryer, full_kitchen, washer, elevator, bathroom_essentials, TV, dishwasher, iron, coffee_maker, bedroom_comforts, hair_dryer",1,80,650,2000,10,350796579,2016/4/21 21:54,2011/5/4 23:09
231773706,"et, euismod et,",OR,Fresno,"Ap #449-4054 Ut, Street",house,11,5,3,2341,"bathroom_essentials, iron, washer, dryer, full_kitchen, air_conditioner, dishwasher, elevator, TV, hair_dryer, bedroom_comforts, wifi, coffee_maker",2,90,650,2000,10,656623824,2013/3/4 9:25,2012/12/26 15:40
66468497,augue id ante,HI,Sandy,"P.O. Box 674, 5075 Dignissim. Avenue",condo,12,6,4,1000,coffee_maker,3,110,650,2000,10,268548575,2011/4/22 18:36,2017/10/27 15:29
451241012,"lacinia vitae, sodales",CO,Kapolei,"P.O. Box 452, 8014 Dignissim Road",caravan,1,1,5,1234,"bedroom_comforts, air_conditioner",1,120,570,2100,15,788635951,2014/6/27 15:33,2014/2/17 16:46
167940279,In nec orci.,MA,Hilo,Ap #248-9382 Dui St.,caravan,2,2,6,5432,"dishwasher, wifi, coffee_maker, bedroom_comforts, TV, dryer, full_kitchen, bathroom_essentials, hair_dryer, air_conditioner",2,130,570,2100,15,539273805,2018/2/10 22:24,2014/6/5 8:01
46099545,"egestas. Sed pharetra,",MN,Rockville,692-8066 Consectetuer St.,condo,3,3,7,3452,,3,250,570,2100,15,323692483,2010/3/11 8:24,2012/7/23 23:52
143795706,"eleifend non, dapibus",HI,Austin,3882 Natoque Rd.,caravan,4,4,1,1232,"air_conditioner, full_kitchen, hair_dryer, dryer, elevator, TV, bathroom_essentials, washer, coffee_maker, dishwasher, wifi, bedroom_comforts, iron",1,100,570,2100,15,150945608,2013/11/28 10:12,2009/10/11 11:55
964221550,Nullam nisl. Maecenas,FL,Memphis,Ap #946-455 Rhoncus Rd.,condo,5,5,2,1234,"iron, wifi, hair_dryer, TV, dishwasher, bathroom_essentials, washer, elevator, full_kitchen, air_conditioner, coffee_maker",2,80,570,2100,15,933415614,2018/7/31 13:53,2011/10/9 9:34
76303197,Nulla dignissim. Maecenas,UT,Lowell,195-5259 Placerat Rd.,condo,6,6,3,2341,"elevator, hair_dryer, full_kitchen, washer, iron, TV, dryer, bedroom_comforts",3,90,570,2100,15,635148372,2011/9/23 1:13,2017/7/19 14:21
750945883,erat. Etiam vestibulum,OR,Grand Rapids,401-2420 Luctus Av.,apartment,7,1,4,1000,"wifi, hair_dryer, bathroom_essentials",1,110,570,2100,15,104441936,2012/2/15 8:00,2014/5/10 20:28
991298001,morbi tristique senectus,KY,Shreveport,480-7929 Nonummy St.,condo,8,2,5,1234,"elevator, air_conditioner, dryer, full_kitchen, wifi",2,120,570,2100,15,956808240,2010/11/23 0:56,2010/10/22 12:52
925835605,imperdiet ornare. In,WA,Iowa City,"P.O. Box 640, 8215 Ut, Rd.",house,9,3,6,5432,"air_conditioner, dishwasher",3,130,570,2100,15,615176781,2011/12/14 18:15,2013/7/9 0:59
997525167,"amet, faucibus ut,",LA,Essex,"P.O. Box 929, 9514 Vitae Avenue",house,10,4,7,3452,wifi,1,250,570,2100,15,513999631,2014/1/2 17:05,2012/4/17 11:15
284280088,laoreet lectus quis,AK,Cedar Rapids,Ap #436-1027 Gravida Street,house,11,5,1,1232,"iron, full_kitchen, TV, wifi, air_conditioner, elevator, dryer, bedroom_comforts, coffee_maker, hair_dryer, dishwasher, washer, bathroom_essentials",2,100,689,2400,20,483368056,2017/11/20 19:25,2010/3/12 8:45
306118837,"erat, in consectetuer",OH,Kansas City,7087 A Road,caravan,12,6,2,1234,"bathroom_essentials, iron, full_kitchen, TV, coffee_maker, wifi, elevator",3,80,689,2400,20,642599617,2016/7/20 19:44,2009/5/6 23:23
554651166,eros. Nam consequat,MN,Virginia Beach,"P.O. Box 789, 4515 Sem Av.",house,1,1,3,2341,"air_conditioner, full_kitchen, dryer, bathroom_essentials, elevator, TV, coffee_maker, wifi",1,90,689,2400,20,866336837,2016/9/5 8:54,2009/12/22 9:40
636284432,Nunc pulvinar arcu,OK,Portland,370-5282 Placerat. St.,caravan,2,2,4,1000,"iron, bathroom_essentials, elevator, TV, bedroom_comforts, coffee_maker, full_kitchen, washer, hair_dryer, wifi, air_conditioner, dryer, dishwasher",2,110,689,2400,20,671533842,2011/10/17 22:08,2018/5/15 22:46
800403974,primis in faucibus,OR,Dover,Ap #857-6783 Duis Ave,apartment,3,3,5,1234,"full_kitchen, coffee_maker",3,120,689,2400,20,318445434,2013/9/28 4:16,2013/9/18 3:54
276610664,metus. In lorem.,MO,Hattiesburg,Ap #562-2356 Orci St.,house,4,4,6,5432,"elevator, wifi, bedroom_comforts",1,130,689,2400,20,715303459,2013/7/16 10:35,2009/12/31 3:03
39192117,"nec, euismod in,",AK,Pocatello,538-7878 Eu St.,house,5,5,7,3452,"wifi, dryer, dishwasher, bathroom_essentials, coffee_maker, air_conditioner",2,250,689,2400,20,792383549,2014/1/8 4:58,2012/11/29 18:39
160253845,eget nisi dictum,IN,Independence,631-7343 Metus. Av.,house,6,6,1,1232,"dryer, washer, full_kitchen, bedroom_comforts, dishwasher, air_conditioner, elevator, iron, coffee_maker, wifi, hair_dryer, TV",3,100,689,2400,20,283151223,2013/2/4 14:16,2016/1/12 8:29
676094394,Cras eu tellus,OH,Lawton,Ap #535-1815 Non St.,condo,7,1,2,1234,,1,80,689,2400,20,972919450,2018/2/25 18:30,2017/6/14 3:51
448802264,pede. Praesent eu,KS,Aurora,"P.O. Box 623, 2318 Et Street",caravan,8,2,3,2341,"iron, elevator, washer, coffee_maker, dishwasher, hair_dryer, bedroom_comforts, wifi, air_conditioner, dryer, TV",2,90,689,2400,20,562843292,2016/7/24 2:58,2018/1/1 3:29
485245252,Curabitur sed tortor.,MO,Colorado Springs,9524 Vivamus Rd.,caravan,9,3,4,1000,"washer, bathroom_essentials, elevator, air_conditioner, full_kitchen, dishwasher, dryer, TV, bedroom_comforts",3,110,700,4000,30,276669801,2014/3/19 9:14,2011/3/9 21:20
635488711,"convallis in, cursus",OR,Casper,"1817 A, Rd.",condo,10,4,5,1234,"full_kitchen, dishwasher, iron",1,120,700,4000,30,539911644,2015/11/20 22:59,2012/3/17 6:51
107021008,"pede sagittis augue,",CT,Orlando,"374-1112 Ullamcorper, Road",condo,11,5,6,5432,iron,2,130,700,4000,30,661121905,2018/3/28 10:44,2009/3/28 11:33
721320166,eros. Nam consequat,OH,Pike Creek,711-631 Curabitur Ave,apartment,12,6,7,3452,"coffee_maker, bathroom_essentials, full_kitchen, washer, air_conditioner, TV, wifi, dryer, elevator",3,250,700,4000,30,449392794,2018/1/25 15:40,2014/11/18 18:45
351607908,ridiculus mus. Aenean,PA,Philadelphia,"P.O. Box 628, 2211 Tortor, Rd.",apartment,1,1,1,1232,"dryer, TV, wifi, dishwasher",1,100,700,4000,30,461857567,2014/2/12 15:39,2015/8/31 21:26
948387071,Vivamus non lorem,VA,Milwaukee,5373 Morbi St.,apartment,2,2,2,1234,"bathroom_essentials, TV, full_kitchen, coffee_maker, elevator, wifi, washer, air_conditioner, bedroom_comforts",2,80,700,4000,30,217561554,2016/1/14 17:44,2009/12/16 13:54
555573765,"eu, placerat eget,",WI,Harrisburg,Ap #866-7945 A Av.,apartment,3,3,3,2341,,3,90,700,4000,30,241269950,2018/11/2 6:42,2012/5/1 19:22
629957960,feugiat placerat velit.,NE,Springfield,Ap #547-7830 At Rd.,caravan,4,4,4,1000,,1,110,700,4000,30,788287639,2012/8/16 22:56,2014/8/10 21:16
657182655,metus. Aenean sed,MT,Eugene,Ap #780-6096 Dui Street,apartment,5,5,5,1234,"air_conditioner, washer, wifi, iron, dishwasher, elevator",2,120,700,4000,30,701007981,2012/3/19 6:39,2014/5/6 4:51
178594669,"sem, vitae aliquam",MA,Saint Louis,598 Integer Rd.,house,6,6,6,5432,"hair_dryer, full_kitchen, dishwasher, wifi, dryer, air_conditioner, TV, bathroom_essentials, coffee_maker, iron, bedroom_comforts, washer, elevator",3,130,700,4000,30,791649734,2010/3/23 11:54,2017/6/20 15:46
399968338,"Aliquam ornare, libero",UT,Reading,6175 Eros Ave,caravan,7,1,7,3452,washer,1,250,567,5000,50,534716501,2017/1/30 14:47,2013/4/29 7:02
135032860,diam at pretium,IA,Aurora,739-9389 Porttitor Av.,house,8,2,1,1232,"iron, air_conditioner, elevator, TV, dishwasher, wifi, hair_dryer, washer, dryer, bathroom_essentials, full_kitchen",2,100,567,5000,50,176626125,2010/4/11 1:12,2015/1/12 9:59
416948099,semper rutrum. Fusce,AZ,Lansing,Ap #610-9468 Purus Ave,caravan,9,3,2,1234,"washer, wifi, iron, dishwasher, coffee_maker, dryer",3,80,567,5000,50,172604142,2018/9/30 12:02,2015/4/18 8:22
237919246,"hendrerit id, ante.",AZ,Gary,"P.O. Box 813, 6665 Quisque St.",caravan,10,4,3,2341,bedroom_comforts,1,90,567,5000,50,116608332,2011/6/19 8:01,2016/11/26 22:11
372714618,"sagittis augue, eu",AL,Boston,797-5361 Sit Ave,apartment,11,5,4,1000,"dryer, wifi, iron, hair_dryer, washer, bathroom_essentials, TV, bedroom_comforts, dishwasher, coffee_maker, elevator, air_conditioner",2,110,567,5000,50,983163973,2016/7/10 13:21,2011/6/17 7:20
289018012,"augue, eu tempor",CT,Rochester,3242 Vivamus Av.,apartment,12,6,5,1234,"bedroom_comforts, hair_dryer, air_conditioner, wifi, TV, elevator",3,120,567,5000,50,519099287,2009/9/15 6:17,2010/4/12 15:52
615833274,"est, vitae sodales",AZ,Tucson,"P.O. Box 148, 5493 Lectus St.",house,1,1,6,5432,"bedroom_comforts, hair_dryer, washer, full_kitchen, TV",1,130,567,5000,50,764374344,2014/5/2 13:11,2018/11/1 3:24
999057490,"dolor, tempus non,",UT,Portland,"P.O. Box 207, 6447 Integer Rd.",apartment,2,2,7,3452,"TV, full_kitchen, wifi, bathroom_essentials, washer, hair_dryer, bedroom_comforts, iron, elevator, air_conditioner",2,250,567,5000,50,581240835,2017/9/29 2:31,2015/2/26 4:39
452970023,"In mi pede,",IN,Tacoma,222-7028 Vestibulum Rd.,apartment,3,3,1,1232,"full_kitchen, elevator, washer, TV, coffee_maker, air_conditioner",3,100,567,5000,50,948408919,2015/5/15 5:50,2010/4/22 16:47
591754296,mauris. Suspendisse aliquet,TN,Annapolis,"P.O. Box 692, 8738 Tellus. Road",house,4,4,2,1234,"hair_dryer, coffee_maker",1,80,567,5000,50,588234294,2010/3/17 9:41,2010/2/1 8:16
