-- MySQL dump 10.13  Distrib 8.0.13, for Win64 (x86_64)
--
-- Host: localhost    Database: mydb
-- ------------------------------------------------------
-- Server version	8.0.13

/*!40101 SET @OLD_CHARACTER_SET_CLIENT=@@CHARACTER_SET_CLIENT */;
/*!40101 SET @OLD_CHARACTER_SET_RESULTS=@@CHARACTER_SET_RESULTS */;
/*!40101 SET @OLD_COLLATION_CONNECTION=@@COLLATION_CONNECTION */;
 SET NAMES utf8 ;
/*!40103 SET @OLD_TIME_ZONE=@@TIME_ZONE */;
/*!40103 SET TIME_ZONE='+00:00' */;
/*!40014 SET @OLD_UNIQUE_CHECKS=@@UNIQUE_CHECKS, UNIQUE_CHECKS=0 */;
/*!40014 SET @OLD_FOREIGN_KEY_CHECKS=@@FOREIGN_KEY_CHECKS, FOREIGN_KEY_CHECKS=0 */;
/*!40101 SET @OLD_SQL_MODE=@@SQL_MODE, SQL_MODE='NO_AUTO_VALUE_ON_ZERO' */;
/*!40111 SET @OLD_SQL_NOTES=@@SQL_NOTES, SQL_NOTES=0 */;

--
-- Table structure for table `amenities`
--

DROP TABLE IF EXISTS `amenities`;
/*!40101 SET @saved_cs_client     = @@character_set_client */;
 SET character_set_client = utf8mb4 ;
CREATE TABLE `amenities` (
  `property_txn_property_id` int(11) NOT NULL,
  `full_kitchen` int(4) DEFAULT NULL,
  `washer` int(4) DEFAULT NULL,
  `dryer` int(4) DEFAULT NULL,
  `dishwasher` int(4) DEFAULT NULL,
  `wifi` int(4) DEFAULT NULL,
  `TV` int(4) DEFAULT NULL,
  `bathroom_essentials` int(4) DEFAULT NULL,
  `bedroom_comforts` int(4) DEFAULT NULL,
  `coffee_maker` int(4) DEFAULT NULL,
  `hair_dryer` int(4) DEFAULT NULL,
  `iron` int(4) DEFAULT NULL,
  `elevator` int(4) DEFAULT NULL,
  `air_conditioner` int(4) DEFAULT NULL,
  `created_date` datetime DEFAULT NULL,
  `modified_date` datetime DEFAULT NULL,
  PRIMARY KEY (`property_txn_property_id`),
  KEY `fk_amenities_property_txn1_idx` (`property_txn_property_id`),
  CONSTRAINT `fk_amenities_property_txn1` FOREIGN KEY (`property_txn_property_id`) REFERENCES `property` (`property_id`)
) ENGINE=InnoDB DEFAULT CHARSET=utf8;
/*!40101 SET character_set_client = @saved_cs_client */;

--
-- Dumping data for table `amenities`
--

LOCK TABLES `amenities` WRITE;
/*!40000 ALTER TABLE `amenities` DISABLE KEYS */;
INSERT INTO `amenities` VALUES (9925272,1,1,1,1,1,1,1,1,1,1,1,1,0,'2014-06-11 19:43:00','2014-04-09 12:20:00'),(18608182,1,1,1,1,1,1,1,1,1,1,1,1,1,'2009-05-04 13:11:00','2012-02-24 06:01:00'),(25606534,1,1,1,1,1,1,1,1,1,1,1,1,0,'2014-03-04 00:44:00','2012-12-19 11:09:00'),(33411984,1,1,1,1,1,1,1,1,1,1,1,1,1,'2014-06-11 10:22:00','2013-01-22 20:26:00'),(39192117,1,1,1,1,1,1,1,1,1,1,1,1,0,'2014-01-08 04:58:00','2012-11-29 18:39:00'),(46099545,1,1,1,1,1,1,1,1,1,1,1,1,0,'2010-03-11 08:24:00','2012-07-23 23:52:00'),(60728953,1,1,1,1,1,1,1,1,1,1,1,1,0,'2014-04-27 05:19:00','2015-09-03 03:02:00'),(66468497,1,1,1,1,1,1,1,1,1,0,1,1,1,'2011-04-22 18:36:00','2017-10-27 15:29:00'),(68658988,1,1,1,1,1,1,1,1,1,1,1,1,1,'2010-01-28 01:02:00','2012-03-16 07:27:00'),(76303197,1,1,1,1,1,1,1,1,1,1,1,1,1,'2011-09-23 01:13:00','2017-07-19 14:21:00'),(107021008,1,1,1,1,1,1,1,1,1,1,1,1,0,'2018-03-28 10:44:00','2009-03-28 11:33:00'),(119819910,0,1,1,1,1,1,1,1,1,1,0,1,0,'2009-04-02 05:33:00','2012-10-28 06:25:00'),(130956469,1,1,1,1,1,1,1,1,1,1,1,1,1,'2015-03-23 11:37:00','2015-11-07 21:14:00'),(135032860,1,1,1,1,1,1,1,1,1,1,1,1,1,'2010-04-11 01:12:00','2015-01-12 09:59:00'),(140428855,1,1,1,1,1,1,1,1,1,1,1,0,0,'2010-04-21 00:35:00','2011-07-17 23:05:00'),(143795706,1,1,1,1,1,1,1,1,1,1,1,1,1,'2013-11-28 10:12:00','2009-10-11 11:55:00'),(147859995,0,1,1,1,1,1,1,1,1,1,1,1,1,'2014-11-26 11:33:00','2010-08-02 11:45:00'),(152560355,1,1,1,1,1,1,1,1,1,1,1,1,1,'2015-08-27 19:56:00','2017-06-01 11:59:00'),(155261076,1,1,1,1,1,1,1,1,1,1,1,1,1,'2016-04-21 21:54:00','2011-05-04 23:09:00'),(155891468,1,1,1,1,1,1,1,1,1,1,1,1,0,'2010-04-28 02:52:00','2016-08-19 21:42:00'),(160253845,1,1,1,1,1,1,1,1,1,1,1,1,1,'2013-02-04 14:16:00','2016-01-12 08:29:00'),(164523151,1,1,1,1,1,1,1,1,1,1,1,1,1,'2018-12-09 00:27:00','2018-05-11 02:20:00'),(167940279,1,1,1,1,1,1,1,1,1,1,1,1,1,'2018-02-10 22:24:00','2014-06-05 08:01:00'),(172426991,0,1,1,1,1,1,1,1,1,1,1,0,0,'2014-09-06 05:22:00','2010-05-24 04:29:00'),(174038588,1,1,1,1,1,1,1,1,1,1,1,1,0,'2010-01-05 03:28:00','2011-12-28 02:42:00'),(178594669,1,1,1,1,1,1,1,1,1,1,1,1,1,'2010-03-23 11:54:00','2017-06-20 15:46:00'),(221333156,0,1,1,1,1,1,1,1,1,1,1,1,0,'2011-06-08 23:02:00','2010-05-23 12:09:00'),(222132169,1,1,1,1,1,1,1,1,1,1,1,1,0,'2013-02-13 04:21:00','2013-10-07 05:58:00'),(225097989,1,1,1,1,1,1,1,1,1,1,1,0,1,'2010-06-30 11:29:00','2010-01-12 08:48:00'),(231773706,1,1,1,1,1,1,1,1,1,1,1,1,0,'2013-03-04 09:25:00','2012-12-26 15:40:00'),(232898767,1,1,1,1,1,1,1,1,1,1,1,1,0,'2015-10-11 00:59:00','2017-03-22 21:59:00'),(237919246,1,1,1,1,1,1,1,1,1,1,1,1,1,'2011-06-19 08:01:00','2016-11-26 22:11:00'),(260721378,1,1,1,1,1,1,1,1,1,1,1,1,1,'2016-11-15 04:26:00','2010-06-08 22:23:00'),(261189658,1,1,1,1,1,1,1,1,1,1,1,1,1,'2017-12-02 03:19:00','2016-04-21 07:06:00'),(262072093,1,1,1,1,1,1,1,1,1,0,1,1,0,'2010-03-05 17:35:00','2014-02-27 13:25:00'),(276610664,1,1,1,1,1,1,1,1,1,1,1,1,1,'2013-07-16 10:35:00','2009-12-31 03:03:00'),(284280088,1,1,1,1,1,1,1,1,1,1,1,1,0,'2017-11-20 19:25:00','2010-03-12 08:45:00'),(289018012,1,1,1,1,1,1,1,1,1,1,1,1,1,'2009-09-15 06:17:00','2010-04-12 15:52:00'),(306118837,1,1,1,1,1,1,1,1,1,1,1,1,1,'2016-07-20 19:44:00','2009-05-06 23:23:00'),(310368188,1,1,1,1,1,1,1,1,1,1,1,1,1,'2017-10-09 09:54:00','2011-02-10 09:31:00'),(316116755,0,1,1,1,1,1,1,1,1,1,1,1,0,'2009-03-09 04:37:00','2012-06-20 11:32:00'),(351607908,1,1,1,1,1,1,1,1,1,1,1,1,0,'2014-02-12 15:39:00','2015-08-31 21:26:00'),(357802768,1,1,1,1,1,1,1,1,1,1,1,1,1,'2013-12-25 19:27:00','2011-12-14 13:32:00'),(372714618,1,1,1,1,1,1,1,1,1,1,1,1,0,'2016-07-10 13:21:00','2011-06-17 07:20:00'),(399968338,1,1,1,1,1,1,1,1,1,1,1,1,0,'2017-01-30 14:47:00','2013-04-29 07:02:00'),(416948099,1,1,1,1,1,1,1,1,1,1,1,1,0,'2018-09-30 12:02:00','2015-04-18 08:22:00'),(419962147,1,1,1,1,1,1,1,1,1,1,1,1,1,'2012-04-03 23:45:00','2016-05-29 10:35:00'),(427470422,1,1,1,1,1,1,1,1,1,1,1,1,0,'2012-05-29 19:08:00','2016-06-09 01:14:00'),(435259551,1,1,1,1,1,1,1,1,1,1,1,1,0,'2016-11-16 19:42:00','2011-03-22 18:17:00'),(448802264,0,1,1,1,1,1,1,1,1,1,1,1,1,'2016-07-24 02:58:00','2018-01-01 03:29:00'),(451241012,1,1,1,1,1,1,1,1,1,1,1,1,0,'2014-06-27 15:33:00','2014-02-17 16:46:00'),(452970023,1,1,1,1,1,1,1,1,1,1,1,1,0,'2015-05-15 05:50:00','2010-04-22 16:47:00'),(485135701,1,1,1,1,1,1,1,1,1,1,1,1,1,'2016-10-24 07:47:00','2014-12-10 14:12:00'),(485245252,1,1,1,1,1,1,1,1,1,1,1,0,0,'2014-03-19 09:14:00','2011-03-09 21:20:00'),(489678110,1,1,1,1,1,1,1,1,1,1,1,1,0,'2017-10-21 11:24:00','2009-11-21 04:59:00'),(501326102,0,1,1,1,1,1,1,1,1,1,1,0,0,'2017-01-26 10:50:00','2013-01-28 19:57:00'),(506521954,1,1,1,1,1,1,1,1,1,1,1,1,1,'2016-08-20 19:25:00','2009-07-01 12:09:00'),(515018075,1,1,1,1,1,1,1,1,1,1,1,1,0,'2015-02-16 14:50:00','2011-09-17 20:07:00'),(525569430,1,1,1,1,1,1,1,1,1,1,1,1,1,'2011-11-03 10:04:00','2016-08-23 11:59:00'),(554651166,1,1,1,1,1,1,1,1,1,1,1,0,0,'2016-09-05 08:54:00','2009-12-22 09:40:00'),(555573765,1,1,1,1,1,1,1,1,1,1,1,1,0,'2018-11-02 06:42:00','2012-05-01 19:22:00'),(558531257,1,1,1,1,1,1,1,1,1,1,1,0,1,'2018-10-12 14:16:00','2012-02-15 17:46:00'),(561686056,1,1,1,1,1,1,1,1,1,1,1,1,1,'2013-08-01 04:10:00','2013-06-27 21:24:00'),(571021344,1,1,1,1,1,1,1,1,1,1,1,1,0,'2014-06-12 17:47:00','2010-11-27 00:22:00'),(572566040,1,1,1,1,1,1,1,1,1,1,1,1,1,'2017-03-18 06:07:00','2014-10-04 14:54:00'),(591754296,1,1,1,1,1,1,1,1,1,1,1,1,1,'2010-03-17 09:41:00','2010-02-01 08:16:00'),(615833274,1,1,1,1,1,1,1,1,1,1,1,1,0,'2014-05-02 13:11:00','2018-11-01 03:24:00'),(629957960,1,1,1,1,1,1,1,1,1,1,1,1,1,'2012-08-16 22:56:00','2014-08-10 21:16:00'),(635488711,1,1,1,1,1,1,1,1,1,1,1,1,1,'2015-11-20 22:59:00','2012-03-17 06:51:00'),(636284432,1,1,1,1,1,1,1,1,1,1,1,1,1,'2011-10-17 22:08:00','2018-05-15 22:46:00'),(654819259,1,1,1,1,1,1,1,1,1,1,1,1,1,'2018-12-31 01:49:00','2018-01-22 12:57:00'),(657182655,1,1,1,1,1,1,1,1,1,1,1,1,0,'2012-03-19 06:39:00','2014-05-06 04:51:00'),(666605027,1,1,1,1,1,1,1,1,1,1,1,1,1,'2011-08-21 06:43:00','2009-04-03 13:01:00'),(666721931,1,1,1,1,1,1,1,1,1,1,1,1,1,'2011-06-13 04:34:00','2013-03-30 08:43:00'),(676094394,1,1,0,1,1,1,1,1,1,0,1,1,0,'2018-02-25 18:30:00','2017-06-14 03:51:00'),(689830651,1,1,1,1,1,1,1,1,1,1,1,1,0,'2013-11-03 12:58:00','2012-12-18 02:09:00'),(716646534,1,1,1,1,1,1,1,1,1,1,1,1,0,'2018-10-09 04:55:00','2015-05-29 14:23:00'),(721320166,1,1,1,1,1,1,1,1,1,1,1,1,1,'2018-01-25 15:40:00','2014-11-18 18:45:00'),(744910845,1,1,1,1,1,1,1,1,1,0,1,1,1,'2014-08-23 01:49:00','2017-03-16 14:49:00'),(750945883,1,1,1,1,1,1,1,1,1,1,1,1,0,'2012-02-15 08:00:00','2014-05-10 20:28:00'),(759620750,1,1,1,1,1,1,1,1,1,1,1,1,0,'2018-06-05 03:23:00','2018-12-14 16:01:00'),(774736201,0,1,1,1,1,1,1,1,1,1,0,1,0,'2017-06-04 00:50:00','2018-07-08 17:35:00'),(800403974,1,1,1,1,1,1,1,1,1,1,1,1,0,'2013-09-28 04:16:00','2013-09-18 03:54:00'),(818950511,0,1,1,1,1,1,1,1,1,1,1,1,1,'2011-12-02 11:37:00','2018-01-04 17:14:00'),(827386764,1,1,1,1,1,1,1,1,1,1,1,1,0,'2012-12-03 13:02:00','2017-05-02 15:03:00'),(827630674,1,1,1,1,1,1,1,1,1,1,1,1,0,'2017-12-30 21:46:00','2016-12-05 14:41:00'),(832883748,1,1,1,1,1,1,1,1,1,0,1,0,0,'2012-03-14 20:09:00','2010-05-19 13:23:00'),(833934060,1,1,1,1,1,1,1,1,1,1,1,1,1,'2014-07-01 13:03:00','2011-10-01 23:00:00'),(864550223,1,1,1,1,1,1,1,1,1,0,1,1,0,'2012-09-19 23:29:00','2017-05-06 05:53:00'),(876409749,1,1,1,1,1,1,1,1,1,1,1,1,0,'2012-03-25 23:39:00','2013-03-22 06:42:00'),(884283144,1,1,1,1,1,1,1,1,1,1,1,1,1,'2018-04-08 10:44:00','2011-12-25 22:37:00'),(890335748,1,1,1,1,1,1,1,1,1,1,1,0,1,'2012-08-14 01:58:00','2017-04-21 09:08:00'),(916955792,1,1,1,1,1,1,1,1,1,1,1,0,0,'2009-10-03 04:02:00','2010-04-16 09:09:00'),(925835605,1,1,1,1,1,1,1,1,1,1,1,1,0,'2011-12-14 18:15:00','2013-07-09 00:59:00'),(948387071,1,1,1,1,1,1,1,1,1,1,1,1,1,'2016-01-14 17:44:00','2009-12-16 13:54:00'),(964221550,1,1,1,1,1,1,1,1,1,1,1,1,0,'2018-07-31 13:53:00','2011-10-09 09:34:00'),(971358395,1,1,1,1,1,1,1,1,1,1,1,0,1,'2015-02-11 16:57:00','2017-01-28 20:51:00'),(991298001,1,1,1,1,1,1,1,1,1,1,1,1,1,'2010-11-23 00:56:00','2010-10-22 12:52:00'),(997525167,1,1,1,1,1,1,1,1,1,1,1,1,1,'2014-01-02 17:05:00','2012-04-17 11:15:00'),(999057490,1,1,1,1,1,1,1,1,1,1,1,1,1,'2017-09-29 02:31:00','2015-02-26 04:39:00');
/*!40000 ALTER TABLE `amenities` ENABLE KEYS */;
UNLOCK TABLES;

--
-- Table structure for table `calendar`
--

DROP TABLE IF EXISTS `calendar`;
/*!40101 SET @saved_cs_client     = @@character_set_client */;
 SET character_set_client = utf8mb4 ;
CREATE TABLE `calendar` (
  `property_id` int(11) NOT NULL,
  `calendar_date` date NOT NULL,
  `available` tinyint(4) DEFAULT NULL,
  `reservation_created_datetime` datetime DEFAULT NULL,
  `modified_date` datetime DEFAULT NULL,
  PRIMARY KEY (`property_id`,`calendar_date`),
  KEY `property_id_idx` (`property_id`),
  CONSTRAINT `property_id` FOREIGN KEY (`property_id`) REFERENCES `property` (`property_id`)
) ENGINE=InnoDB DEFAULT CHARSET=utf8;
/*!40101 SET character_set_client = @saved_cs_client */;

--
-- Dumping data for table `calendar`
--

LOCK TABLES `calendar` WRITE;
/*!40000 ALTER TABLE `calendar` DISABLE KEYS */;
INSERT INTO `calendar` VALUES (9925272,'2014-06-11',0,'2014-06-11 19:43:06','2014-04-09 12:20:29'),(18608182,'2009-05-04',1,'2009-05-04 13:11:57','2012-02-24 06:01:46'),(25606534,'2014-03-04',0,'2014-03-04 00:44:36','2012-12-19 11:09:53'),(33411984,'2014-06-11',1,'2014-06-11 10:22:05','2013-01-22 20:26:33'),(39192117,'2014-01-08',0,'2014-01-08 04:58:37','2012-11-29 18:39:33'),(46099545,'2010-03-11',0,'2010-03-11 08:24:20','2012-07-23 23:52:38'),(60728953,'2014-04-27',0,'2014-04-27 05:19:11','2015-09-03 03:02:50'),(66468497,'2011-04-22',1,'2011-04-22 18:36:27','2017-10-27 15:29:06'),(68658988,'2010-01-28',1,'2010-01-28 01:02:47','2012-03-16 07:27:45'),(76303197,'2011-09-23',1,'2011-09-23 01:13:53','2017-07-19 14:21:10'),(107021008,'2018-03-28',0,'2018-03-28 10:44:37','2009-03-28 11:33:25'),(119819910,'2009-04-02',0,'2009-04-02 05:33:29','2012-10-28 06:25:45'),(130956469,'2015-03-23',1,'2015-03-23 11:37:19','2015-11-07 21:14:52'),(135032860,'2010-04-11',1,'2010-04-11 01:12:19','2015-01-12 09:59:35'),(140428855,'2010-04-21',0,'2010-04-21 00:35:01','2011-07-17 23:05:00'),(143795706,'2013-11-28',1,'2013-11-28 10:12:55','2009-10-11 11:55:41'),(147859995,'2014-11-26',1,'2014-11-26 11:33:00','2010-08-02 11:45:44'),(152560355,'2015-08-27',1,'2015-08-27 19:56:58','2017-06-01 11:59:54'),(155261076,'2016-04-21',1,'2016-04-21 21:54:46','2011-05-04 23:09:01'),(155891468,'2010-04-28',0,'2010-04-28 02:52:02','2016-08-19 21:42:33'),(160253845,'2013-02-04',1,'2013-02-04 14:16:49','2016-01-12 08:29:14'),(164523151,'2018-12-09',1,'2018-12-09 00:27:23','2018-05-11 02:20:14'),(167940279,'2018-02-10',1,'2018-02-10 22:24:12','2014-06-05 08:01:13'),(172426991,'2014-09-06',0,'2014-09-06 05:22:08','2010-05-24 04:29:39'),(174038588,'2010-01-05',0,'2010-01-05 03:28:23','2011-12-28 02:42:33'),(178594669,'2010-03-23',1,'2010-03-23 11:54:27','2017-06-20 15:46:52'),(221333156,'2011-06-08',0,'2011-06-08 23:02:03','2010-05-23 12:09:41'),(222132169,'2013-02-13',0,'2013-02-13 04:21:20','2013-10-07 05:58:25'),(225097989,'2010-06-30',1,'2010-06-30 11:29:10','2010-01-12 08:48:14'),(231773706,'2013-03-04',0,'2013-03-04 09:25:29','2012-12-26 15:40:23'),(232898767,'2015-10-11',0,'2015-10-11 00:59:10','2017-03-22 21:59:07'),(237919246,'2011-06-19',1,'2011-06-19 08:01:19','2016-11-26 22:11:58'),(260721378,'2016-11-15',1,'2016-11-15 04:26:03','2010-06-08 22:23:17'),(261189658,'2017-12-02',1,'2017-12-02 03:19:05','2016-04-21 07:06:08'),(262072093,'2010-03-05',0,'2010-03-05 17:35:49','2014-02-27 13:25:04'),(276610664,'2013-07-16',1,'2013-07-16 10:35:47','2009-12-31 03:03:38'),(284280088,'2017-11-20',0,'2017-11-20 19:25:03','2010-03-12 08:45:59'),(289018012,'2009-09-15',1,'2009-09-15 06:17:40','2010-04-12 15:52:37'),(306118837,'2016-07-20',1,'2016-07-20 19:44:53','2009-05-06 23:23:15'),(310368188,'2017-10-09',1,'2017-10-09 09:54:58','2011-02-10 09:31:09'),(316116755,'2009-03-09',0,'2009-03-09 04:37:25','2012-06-20 11:32:17'),(351607908,'2014-02-12',0,'2014-02-12 15:39:40','2015-08-31 21:26:13'),(357802768,'2013-12-25',1,'2013-12-25 19:27:22','2011-12-14 13:32:53'),(372714618,'2016-07-10',0,'2016-07-10 13:21:37','2011-06-17 07:20:56'),(399968338,'2017-01-30',0,'2017-01-30 14:47:04','2013-04-29 07:02:21'),(416948099,'2018-09-30',0,'2018-09-30 12:02:41','2015-04-18 08:22:25'),(419962147,'2012-04-03',1,'2012-04-03 23:45:05','2016-05-29 10:35:46'),(427470422,'2012-05-29',0,'2012-05-29 19:08:54','2016-06-09 01:14:22'),(435259551,'2016-11-16',0,'2016-11-16 19:42:57','2011-03-22 18:17:25'),(448802264,'2016-07-24',1,'2016-07-24 02:58:19','2018-01-01 03:29:04'),(451241012,'2014-06-27',0,'2014-06-27 15:33:43','2014-02-17 16:46:23'),(452970023,'2015-05-15',0,'2015-05-15 05:50:14','2010-04-22 16:47:28'),(485135701,'2016-10-24',1,'2016-10-24 07:47:28','2014-12-10 14:12:01'),(485245252,'2014-03-19',0,'2014-03-19 09:14:37','2011-03-09 21:20:37'),(489678110,'2017-10-21',0,'2017-10-21 11:24:35','2009-11-21 04:59:43'),(501326102,'2017-01-26',0,'2017-01-26 10:50:41','2013-01-28 19:57:37'),(506521954,'2016-08-20',1,'2016-08-20 19:25:15','2009-07-01 12:09:41'),(515018075,'2015-02-16',0,'2015-02-16 14:50:05','2011-09-17 20:07:30'),(525569430,'2011-11-03',1,'2011-11-03 10:04:54','2016-08-23 11:59:47'),(554651166,'2016-09-05',0,'2016-09-05 08:54:18','2009-12-22 09:40:47'),(555573765,'2018-11-02',0,'2018-11-02 06:42:40','2012-05-01 19:22:14'),(558531257,'2018-10-12',1,'2018-10-12 14:16:10','2012-02-15 17:46:43'),(561686056,'2013-08-01',1,'2013-08-01 04:10:14','2013-06-27 21:24:04'),(571021344,'2014-06-12',0,'2014-06-12 17:47:16','2010-11-27 00:22:44'),(572566040,'2017-03-18',1,'2017-03-18 06:07:38','2014-10-04 14:54:24'),(591754296,'2010-03-17',1,'2010-03-17 09:41:09','2010-02-01 08:16:58'),(615833274,'2014-05-02',0,'2014-05-02 13:11:24','2018-11-01 03:24:55'),(629957960,'2012-08-16',1,'2012-08-16 22:56:41','2014-08-10 21:16:30'),(635488711,'2015-11-20',1,'2015-11-20 22:59:25','2012-03-17 06:51:50'),(636284432,'2011-10-17',1,'2011-10-17 22:08:28','2018-05-15 22:46:24'),(654819259,'2018-12-31',1,'2018-12-31 01:49:22','2018-01-22 12:57:29'),(657182655,'2012-03-19',0,'2012-03-19 06:39:47','2014-05-06 04:51:23'),(666605027,'2011-08-21',1,'2011-08-21 06:43:35','2009-04-03 13:01:10'),(666721931,'2011-06-13',1,'2011-06-13 04:34:00','2013-03-30 08:43:37'),(676094394,'2018-02-25',0,'2018-02-25 18:30:31','2017-06-14 03:51:15'),(689830651,'2013-11-03',0,'2013-11-03 12:58:13','2012-12-18 02:09:50'),(716646534,'2018-10-09',0,'2018-10-09 04:55:45','2015-05-29 14:23:44'),(721320166,'2018-01-25',1,'2018-01-25 15:40:52','2014-11-18 18:45:25'),(744910845,'2014-08-23',1,'2014-08-23 01:49:48','2017-03-16 14:49:25'),(750945883,'2012-02-15',0,'2012-02-15 08:00:29','2014-05-10 20:28:35'),(759620750,'2018-06-05',0,'2018-06-05 03:23:02','2018-12-14 16:01:08'),(774736201,'2017-06-04',0,'2017-06-04 00:50:54','2018-07-08 17:35:53'),(800403974,'2013-09-28',0,'2013-09-28 04:16:43','2013-09-18 03:54:37'),(818950511,'2011-12-02',1,'2011-12-02 11:37:06','2018-01-04 17:14:22'),(827386764,'2012-12-03',0,'2012-12-03 13:02:07','2017-05-02 15:03:02'),(827630674,'2017-12-30',0,'2017-12-30 21:46:42','2016-12-05 14:41:54'),(832883748,'2012-03-14',0,'2012-03-14 20:09:08','2010-05-19 13:23:53'),(833934060,'2014-07-01',1,'2014-07-01 13:03:11','2011-10-01 23:00:19'),(864550223,'2012-09-19',0,'2012-09-19 23:29:23','2017-05-06 05:53:24'),(876409749,'2012-03-25',0,'2012-03-25 23:39:00','2013-03-22 06:42:59'),(884283144,'2018-04-08',1,'2018-04-08 10:44:40','2011-12-25 22:37:50'),(890335748,'2012-08-14',1,'2012-08-14 01:58:57','2017-04-21 09:08:17'),(916955792,'2009-10-03',0,'2009-10-03 04:02:21','2010-04-16 09:09:54'),(925835605,'2011-12-14',0,'2011-12-14 18:15:54','2013-07-09 00:59:10'),(948387071,'2016-01-14',1,'2016-01-14 17:44:31','2009-12-16 13:54:41'),(964221550,'2018-07-31',0,'2018-07-31 13:53:27','2011-10-09 09:34:43'),(971358395,'2015-02-11',1,'2015-02-11 16:57:47','2017-01-28 20:51:43'),(991298001,'2010-11-23',1,'2010-11-23 00:56:37','2010-10-22 12:52:53'),(997525167,'2014-01-02',1,'2014-01-02 17:05:20','2012-04-17 11:15:34'),(999057490,'2017-09-29',1,'2017-09-29 02:31:36','2015-02-26 04:39:13');
/*!40000 ALTER TABLE `calendar` ENABLE KEYS */;
UNLOCK TABLES;

--
-- Table structure for table `customer`
--

DROP TABLE IF EXISTS `customer`;
/*!40101 SET @saved_cs_client     = @@character_set_client */;
 SET character_set_client = utf8mb4 ;
CREATE TABLE `customer` (
  `customer_id` int(11) NOT NULL,
  `customer_first_name` varchar(45) DEFAULT NULL,
  `customer_last_name` varchar(45) DEFAULT NULL,
  `customer_country` varchar(45) DEFAULT NULL,
  `customer_state` varchar(45) DEFAULT NULL,
  `customer_city` varchar(45) DEFAULT NULL,
  `customer_street_address` varchar(45) DEFAULT NULL,
  `customer_review_score` decimal(5,0) DEFAULT NULL,
  `profile_created_datetime` datetime DEFAULT NULL,
  `gender` varchar(45) DEFAULT NULL,
  `birthdate` datetime DEFAULT NULL,
  `modified_date` datetime DEFAULT NULL,
  `customer_ishost` tinyint(4) DEFAULT NULL,
  PRIMARY KEY (`customer_id`)
) ENGINE=InnoDB DEFAULT CHARSET=utf8;
/*!40101 SET character_set_client = @saved_cs_client */;

--
-- Dumping data for table `customer`
--

LOCK TABLES `customer` WRITE;
/*!40000 ALTER TABLE `customer` DISABLE KEYS */;
INSERT INTO `customer` VALUES (23210818,'Kelly','Lynn','United States','MA','Boston','698 Sed Avenue',2,'2013-02-13 04:21:20','Male','1967-12-26 05:42:20','2013-10-07 05:58:25',1),(50857184,'Ray','Mullen','United States','MO','Independence','2320 Velit. Road',5,'2010-01-05 03:28:23','Male','1991-12-02 10:32:27','2011-12-28 02:42:33',1),(78941111,'Jared','Sin-man',NULL,NULL,NULL,NULL,NULL,NULL,NULL,NULL,NULL,NULL),(80521008,'Abbot','Pacheco','United States','UT','Sandy','P.O. Box 619, 3453 Eu Av.',1,'2014-11-26 11:33:00','Female','1973-08-24 22:46:17','2010-08-02 11:45:44',1),(82487356,'Ultraman','Sargent','United States','WY','Cheyenne','603-8927 Ac St.',3,'2018-10-09 04:55:45','Female','1970-12-20 19:49:23','2015-05-29 14:23:44',1),(87065496,'Hiram','Harrell','United States','IA','Des Moines','Ap #850-6845 Eget Av.',4,'2017-03-18 06:07:38','Male','1998-07-09 19:25:24','2014-10-04 14:54:24',1),(103329173,'Finn','Mays','United States','CO','Denver','3723 Dolor. Avenue',1,'2016-10-24 07:47:28','Female','1989-05-12 17:46:34','2014-12-10 14:12:01',1),(104441936,'Arsenio','Barry','United States','MI','Warren','191-3316 Mauris. St.',2,'2012-02-15 08:00:29','Male','1962-12-23 02:12:16','2014-05-10 20:28:35',1),(116608332,'Blaze','Bridges','United States','IN','Fort Wayne','7684 Vitae Avenue',4,'2011-06-19 08:01:19','Male','1986-01-28 02:06:40','2016-11-26 22:11:58',1),(149485245,'Clark','May','United States','CT','Stamford','Ap #601-3132 Donec Road',5,'2011-06-13 04:34:00','Male','1973-05-04 11:45:54','2013-03-30 08:43:37',1),(150945608,'Ian','Wolf','United States','TX','Houston','Ap #982-5837 Praesent Rd.',4,'2013-11-28 10:12:55','Female','1987-06-09 09:24:19','2009-10-11 11:55:41',1),(172604142,'Ferris','Good','United States','MI','Lansing','Ap #653-2102 Ac Rd.',3,'2018-09-30 12:02:41','Male','1970-11-15 06:29:13','2015-04-18 08:22:25',1),(176626125,'Thane','Wise','United States','CO','Denver','624-2337 Neque. Street',2,'2010-04-11 01:12:19','Male','1980-06-23 04:41:15','2015-01-12 09:59:35',1),(195393863,'Hoyt','Stein','United States','DE','Newark','Ap #313-5441 Leo. St.',1,'2012-09-19 23:29:23','Female','1965-09-01 23:04:13','2017-05-06 05:53:24',1),(207035437,'Gabriel','Thornton','United States','WA','Spokane','Ap #144-438 Conubia Av.',1,'2014-03-04 00:44:36','Female','1985-09-24 13:32:22','2012-12-19 11:09:53',1),(213252562,'Samuel','Whitfield','United States','HI','Honolulu','564-6013 Etiam St.',3,'2010-03-05 17:35:49','Male','1998-09-03 00:53:28','2014-02-27 13:25:04',1),(217561554,'Colby','Lara','United States','WI','Green Bay','945 Commodo Av.',1,'2016-01-14 17:44:31','Female','1982-01-30 21:01:26','2009-12-16 13:54:41',1),(241269950,'Mohammad','Forbes','United States','PA','Harrisburg','208-9291 Et St.',2,'2018-11-02 06:42:40','Male','1971-01-06 10:11:10','2012-05-01 19:22:14',1),(268548575,'Dane','Rose','United States','UT','West Jordan','P.O. Box 946, 9049 Inceptos Rd.',5,'2011-04-22 18:36:27','Female','1994-02-19 07:50:51','2017-10-27 15:29:06',1),(275132462,'Honorato','Gross','United States','AK','Juneau','423-2565 Ac Rd.',3,'2016-11-15 04:26:03','Female','1993-08-30 12:48:09','2010-06-08 22:23:17',1),(276669801,'Colin','Lindsay','United States','CO','Fort Collins','243-1105 Quam St.',1,'2014-03-19 09:14:37','Female','1978-03-08 09:44:18','2011-03-09 21:20:37',1),(279492466,'Kato','Long','United States','NV','Henderson','P.O. Box 258, 2690 Ornare Avenue',1,'2016-08-20 19:25:15','Female','1959-09-12 13:55:11','2009-07-01 12:09:41',1),(283151223,'Samuel','Noel','United States','MO','Jefferson City','599 Est Rd.',3,'2013-02-04 14:16:49','Male','1970-04-15 17:24:35','2016-01-12 08:29:14',1),(299072017,'Giacomo','Blackburn','United States','FL','Miami','461-4262 Non Ave',4,'2014-06-11 19:43:06','Female','1970-02-12 02:37:41','2014-04-09 12:20:29',1),(318445434,'Griffin','Barron','United States','DE','Bear','P.O. Box 972, 3341 Risus. Ave',5,'2013-09-28 04:16:43','Female','1977-05-10 11:21:30','2013-09-18 03:54:37',1),(323692483,'Ulric','Vega','United States','MD','Annapolis','Ap #737-3950 Sem. Ave',3,'2010-03-11 08:24:20','Male','1989-07-21 09:46:30','2012-07-23 23:52:38',1),(326364171,'Aidan','Delaney','United States','UT','West Jordan','811-1456 Nullam Ave',2,'2012-04-03 23:45:05','Male','1975-02-28 16:51:56','2016-05-29 10:35:46',1),(331421131,'Samuel','Guy','United States','AR','Little Rock','8047 Phasellus St.',3,'2011-11-03 10:04:54','Male','1967-08-15 05:45:28','2016-08-23 11:59:47',1),(341982908,'Dalton','Whitney','United States','IA','Des Moines','Ap #122-6923 Vitae Ave',2,'2009-05-04 13:11:57','Male','1966-05-08 04:00:42','2012-02-24 06:01:46',1),(350512901,'Fletcher','Garner','United States','WA','Bellevue','712-6118 Donec Road',1,'2017-01-26 10:50:41','Female','1971-08-13 17:04:25','2013-01-28 19:57:37',1),(350796579,'Jacob','Herrera','United States','TN','Knoxville','7404 Faucibus Av.',3,'2016-04-21 21:54:46','Male','1988-06-11 16:17:43','2011-05-04 23:09:01',1),(357395029,'Bevis','Curtis','United States','WY','Cheyenne','114-6676 Eu Ave',5,'2013-12-25 19:27:22','Female','1960-01-04 17:22:07','2011-12-14 13:32:53',1),(402516637,'Jackson','Frazier','United States','MD','Annapolis','935-3699 Interdum St.',4,'2017-12-02 03:19:05','Female','1992-02-23 00:07:30','2016-04-21 07:06:08',1),(425160090,'Wyatt','Bolton','United States','AZ','Phoenix','Ap #152-6407 Sapien. Rd.',1,'2010-04-21 00:35:01','Female','1984-08-25 19:54:00','2011-07-17 23:05:00',1),(435290531,'Lewis','Joyner','United States','KS','Kansas City','434-2982 Gravida St.',1,'2018-10-12 14:16:10','Female','1994-06-17 03:30:56','2012-02-15 17:46:43',1),(438865396,'Gary','Fowler','United States','IN','Indianapolis','1462 Nonummy. Rd.',5,'2012-12-03 13:02:07','Female','1991-05-22 21:51:48','2017-05-02 15:03:02',1),(447087081,'Eagan','Rice','United States','VT','Essex','P.O. Box 627, 1890 Vel Road',2,'2013-11-03 12:58:13','Male','1998-03-04 05:05:23','2012-12-18 02:09:50',1),(449392794,'Josiah','Sharpe','United States','DE','Wilmington','P.O. Box 102, 9437 Cras St.',4,'2018-01-25 15:40:52','Male','1985-12-10 15:43:11','2014-11-18 18:45:25',1),(457170629,'Keaton','Martin','United States','TX','Fort Worth','5173 Luctus Avenue',5,'2014-08-23 01:49:48','Male','1991-08-15 00:22:02','2017-03-16 14:49:25',1),(460314867,'Damian','Russo','United States','UT','West Jordan','5186 Tincidunt. St.',2,'2014-06-12 17:47:16','Male','1987-06-04 04:29:03','2010-11-27 00:22:44',1),(461857567,'Gil','Blackburn','United States','PA','Pittsburgh','802-5141 Mattis St.',5,'2014-02-12 15:39:40','Male','1984-06-10 21:42:12','2015-08-31 21:26:13',1),(463244657,'Nigel','Harrell','United States','MI','Sterling Heights','P.O. Box 349, 5926 Fermentum Road',2,'2012-08-14 01:58:57','Male','1976-05-23 04:41:20','2017-04-21 09:08:17',1),(472414549,'Dale','Barlow','United States','UT','Salt Lake City','P.O. Box 882, 9334 Nunc St.',4,'2018-12-09 00:27:23','Male','1986-12-06 15:54:19','2018-05-11 02:20:14',1),(483368056,'Denton','Malone','United States','IA','Des Moines','356-8190 Aliquam Ave',1,'2017-11-20 19:25:03','Female','1992-08-25 17:47:15','2010-03-12 08:45:59',1),(513999631,'Xander','Grant','United States','VT','Colchester','861 Ullamcorper Road',5,'2014-01-02 17:05:20','Male','1997-05-11 16:10:58','2012-04-17 11:15:34',1),(519099287,'Octavius','Crawford','United States','MN','Rochester','P.O. Box 813, 1636 Vitae, Rd.',1,'2009-09-15 06:17:40','Female','1984-12-21 03:38:47','2010-04-12 15:52:37',1),(519855068,'Ulysses','Contreras','United States','AL','Mobile','641-1762 Eu Rd.',4,'2012-03-14 20:09:08','Male','1973-02-15 09:01:38','2010-05-19 13:23:53',1),(533306031,'Drew','Simmons','United States','MD','Baltimore','6309 Montes, Ave',3,'2016-11-16 19:42:57','Female','2000-04-16 01:32:05','2011-03-22 18:17:25',1),(534716501,'Ciaran','Lambert','United States','PA','Harrisburg','9718 Posuere, Avenue',1,'2017-01-30 14:47:04','Female','1970-12-30 16:22:36','2013-04-29 07:02:21',1),(539273805,'Harding','Ortiz','United States','HI','Honolulu','444-9852 Sociis Road',2,'2018-02-10 22:24:12','Male','1989-11-20 16:31:24','2014-06-05 08:01:13',1),(539911644,'Boris','Benson','United States','WY','Rock Springs','512-517 Bibendum. Road',2,'2015-11-20 22:59:25','Female','1966-11-23 05:34:03','2012-03-17 06:51:50',1),(562843292,'Tad','Kaufman','United States','IL','Joliet','6089 Ornare. Rd.',5,'2016-07-24 02:58:19','Male','1963-11-19 04:05:09','2018-01-01 03:29:04',1),(581240835,'Silas','Davis','United States','OR','Portland','P.O. Box 224, 9711 Aliquet, Ave',3,'2017-09-29 02:31:36','Female','1968-12-20 11:24:55','2015-02-26 04:39:13',1),(583835491,'Francis','Santiago','United States','AK','Ketchikan','P.O. Box 632, 5755 Consequat Street',3,'2010-01-28 01:02:47','Male','1978-05-12 23:27:06','2012-03-16 07:27:45',1),(588234294,'Warren','Barlow','United States','MD','Baltimore','Ap #432-2805 Sapien Rd.',5,'2010-03-17 09:41:09','Male','1961-03-06 17:36:06','2010-02-01 08:16:58',1),(588234295,'Buffy','Navarro','United States','TN','Clarksville','3711 Nec Street',1,'2012-03-31 11:47:41','Female','1985-12-12 06:35:08','2018-09-13 13:34:54',1),(588234296,'Shafira','Cleveland','United States','WA','Olympia','Ap #913-3878 Placerat St.',1,'2009-06-19 20:10:36','Male','1975-09-20 03:26:50','2010-04-18 13:50:20',0),(588234297,'Dustin','Steele','United States','VA','Chesapeake','805 Mollis St.',2,'2015-11-02 05:19:40','Male','1970-10-06 13:46:36','2011-01-19 12:32:28',0),(588234298,'Wendy','Baker','United States','VA','Virginia Beach','255-6298 Sapien, Rd.',2,'2009-06-11 01:18:59','Female','1998-03-19 18:57:05','2012-12-05 19:37:44',0),(588234299,'Inez','Randall','United States','MA','Worcester','4286 Mus. St.',3,'2012-12-23 23:37:43','Male','1984-09-08 18:36:00','2011-08-01 17:36:18',0),(588234300,'Sydney','Leon','United States','NE','Omaha','Ap #162-7312 Aliquet Av.',3,'2014-12-05 22:49:29','Female','1992-07-27 08:12:05','2010-11-11 12:28:53',0),(588234301,'Alyssa','Haney','United States','FL','Tallahassee','849-4787 Suspendisse St.',4,'2013-03-09 13:29:29','Male','1974-05-02 00:38:19','2011-11-12 21:36:18',0),(588234302,'Ciaran','Reeves','United States','KY','Louisville','P.O. Box 741, 5464 Elementum, Ave',4,'2016-07-08 22:46:26','Male','1976-08-16 03:55:52','2015-12-25 19:27:29',0),(588234303,'Wallace','Cardenas','United States','VA','Norfolk','P.O. Box 599, 3506 Nulla Av.',5,'2015-12-12 12:38:56','Male','1991-11-25 19:32:36','2015-12-18 23:07:34',0),(588234304,'Oleg','Franco','United States','WA','Spokane','Ap #926-7693 Hendrerit Avenue',5,'2010-08-06 06:08:28','Female','1991-10-24 21:13:25','2010-05-10 07:03:35',0),(588234305,'Kato','Huffman','United States','HI','Kaneohe','Ap #347-1231 Faucibus Rd.',1,'2012-09-28 15:08:08','Female','1977-06-11 08:37:54','2016-10-21 05:04:44',0),(588234306,'Indira','Dotson','United States','OK','Tulsa','3471 Eget Street',1,'2013-11-21 20:45:07','Female','1990-09-29 19:35:55','2009-09-06 17:14:01',0),(588234307,'Hector','Hale','United States','MS','Jackson','3784 Pellentesque St.',2,'2010-07-31 09:39:29','Female','1987-10-20 01:04:31','2014-04-05 11:23:27',0),(588234308,'Kyle','Rosales','United States','TN','Knoxville','P.O. Box 494, 2781 Suspendisse Av.',2,'2018-02-02 18:18:03','Female','1980-06-18 08:43:55','2013-11-06 03:08:11',0),(588234309,'Jamal','Page','United States','KS','Kansas City','Ap #596-350 Interdum Avenue',3,'2011-03-25 00:00:24','Male','1981-06-03 23:07:26','2010-03-15 09:03:04',0),(588234310,'Nichole','Kirkland','United States','NV','Paradise','Ap #147-9433 Dui Ave',3,'2018-09-30 09:33:04','Male','1977-09-11 09:03:19','2010-09-27 00:58:54',0),(588234311,'Yoshi','Vega','United States','AL','Birmingham','591-2635 Tincidunt Rd.',4,'2013-01-22 11:00:23','Male','1999-10-06 20:23:53','2014-05-12 14:14:24',0),(588234312,'Destiny','Barnes','United States','CO','Aurora','Ap #183-5062 Sem Road',4,'2009-08-30 22:57:32','Male','1997-01-06 17:20:51','2013-01-27 00:09:57',0),(588234313,'Ciara','Stone','United States','HI','Kapolei','426-4593 Lacinia Street',5,'2015-09-02 03:06:30','Female','1993-11-23 02:04:38','2015-07-28 01:21:43',0),(588234314,'Imani','Hebert','United States','DE','Wilmington','913-9868 Amet St.',5,'2014-02-17 12:37:04','Male','1973-11-10 03:24:04','2013-08-05 02:38:48',0),(588234315,'Regan','Miles','United States','IA','Sioux City','135-9543 Sed St.',1,'2014-02-19 03:10:19','Male','1978-11-23 22:09:44','2009-04-20 16:05:34',0),(588234316,'Beck','Nelson','United States','AR','Fort Smith','3596 Tortor, Rd.',1,'2018-08-24 13:14:44','Female','1973-05-30 04:06:07','2014-02-26 15:01:41',0),(588234317,'Clio','Witt','United States','CT','Waterbury','9081 Mauris Rd.',2,'2013-04-23 03:01:54','Male','1986-06-02 17:53:46','2013-08-31 18:10:50',0),(588234318,'Minerva','Gutierrez','United States','VT','Montpelier','P.O. Box 595, 6547 Tempor St.',2,'2017-07-29 15:58:52','Female','1974-04-05 03:56:26','2013-04-20 11:56:23',0),(588234319,'Emi','Mathis','United States','WI','Madison','Ap #474-3929 Congue, Road',3,'2010-03-13 03:58:06','Female','1989-03-10 12:13:40','2018-04-19 01:14:40',0),(588234320,'Dolan','Delgado','United States','MI','Lansing','Ap #259-3072 Mus. Av.',3,'2016-03-04 12:16:48','Male','1989-04-13 01:17:17','2015-10-17 11:40:11',0),(588234321,'Yvonne','Whitley','United States','CO','Denver','6365 Scelerisque Road',4,'2017-06-26 23:22:31','Male','1996-05-06 17:07:55','2017-01-17 08:04:20',0),(588234322,'Zena','Leonard','United States','PA','Harrisburg','742-1997 Magna, Road',4,'2016-06-03 19:28:16','Female','1988-12-14 05:00:23','2014-08-09 05:01:43',0),(588234323,'Blaze','Sullivan','United States','AL','Birmingham','649-3541 Id, St.',5,'2010-05-22 05:57:41','Male','1981-01-23 19:29:14','2018-03-24 08:04:36',0),(588234324,'Ciaran','Preston','United States','TX','Dallas','270-1078 Felis Rd.',5,'2010-09-28 03:28:32','Male','1988-04-06 16:18:45','2015-10-24 21:29:21',0),(588234325,'Christen','Noel','United States','MS','Jackson','P.O. Box 308, 9815 Diam St.',1,'2018-01-29 00:16:55','Male','1995-07-18 23:40:25','2017-05-15 19:15:22',0),(588234326,'Penelope','Aguilar','United States','TN','Nashville','984-5174 Eleifend Rd.',1,'2015-04-14 11:48:06','Male','1983-12-29 04:18:21','2016-01-01 07:29:56',0),(588234327,'Josiah','Schneider','United States','CO','Fort Collins','4072 Fringilla Ave',2,'2013-04-15 11:05:46','Male','1988-08-24 15:01:04','2016-02-21 11:27:22',0),(588234328,'Riley','Snyder','United States','LA','Shreveport','P.O. Box 170, 5160 Tellus Rd.',2,'2012-05-24 17:29:58','Male','1984-02-04 09:27:43','2009-03-21 04:56:52',0),(588234329,'Phoebe','Hurley','United States','WY','Casper','7948 Fusce Ave',3,'2017-01-17 23:26:16','Female','1977-11-07 14:34:12','2010-07-25 08:46:21',0),(588234330,'Jane','Eaton','United States','TN','Chattanooga','Ap #293-7865 Mi. Avenue',3,'2015-12-16 01:50:03','Male','1997-07-05 01:43:13','2016-05-07 11:57:02',0),(588234331,'Justine','Blackburn','United States','FL','Tampa','255-3467 Phasellus Road',4,'2009-06-30 01:13:17','Female','1987-10-09 10:20:39','2015-10-14 01:00:29',0),(588234332,'Shea','Flores','United States','MT','Butte','108-5014 Feugiat St.',4,'2014-08-21 18:47:09','Male','1982-04-09 01:30:25','2015-08-21 01:20:51',0),(588234333,'Orson','Reid','United States','AL','Tuscaloosa','Ap #482-1206 Fringilla Ave',5,'2013-11-03 07:47:25','Male','1969-11-28 08:56:33','2010-06-29 19:26:42',0),(588234334,'Abbot','Blackwell','United States','WA','Seattle','P.O. Box 298, 8480 In Av.',5,'2018-05-02 14:48:05','Female','1971-06-20 09:44:18','2009-10-30 02:36:51',0),(588234335,'Leonard','Scott','United States','CO','Denver','Ap #518-3871 Purus. Av.',1,'2011-08-30 08:19:26','Female','1990-01-24 02:30:00','2014-07-16 09:00:14',0),(588234336,'Quinn','Cain','United States','DE','Dover','811-2329 Eleifend Avenue',1,'2010-02-16 10:42:38','Female','1983-04-03 02:15:05','2011-11-23 15:31:39',0),(588234337,'Edan','Copeland','United States','KY','Frankfort','Ap #220-390 Rhoncus Road',2,'2014-11-04 09:09:11','Female','1998-04-29 14:08:50','2016-11-13 21:28:43',0),(588234338,'Dakota','Greene','United States','WI','Racine','Ap #294-8907 Nulla. Avenue',2,'2010-12-07 07:34:34','Female','1993-04-18 05:34:33','2009-11-24 21:05:51',0),(588234339,'Kristen','Cameron','United States','AZ','Phoenix','5951 Vehicula Avenue',3,'2018-08-20 03:25:59','Female','1977-09-05 21:59:05','2014-02-14 18:26:01',0),(588234340,'Kelly','Briggs','United States','KS','Wichita','P.O. Box 938, 9389 Dui Rd.',3,'2013-02-26 11:13:53','Female','1982-07-13 17:27:04','2017-11-21 04:38:07',0),(588234341,'Abel','Farrell','United States','LA','Shreveport','155-2412 Gravida. Rd.',4,'2017-02-17 06:02:10','Male','1989-11-26 22:46:28','2016-10-12 22:40:44',0),(588234342,'Harrison','Guy','United States','MS','Jackson','9251 Vel Street',4,'2018-06-21 08:17:32','Female','1987-07-07 04:24:24','2013-09-02 09:52:23',0),(588234343,'Armand','Norton','United States','OR','Portland','303-9709 Semper Road',5,'2016-02-22 23:59:32','Male','1975-03-20 20:39:25','2010-11-18 18:13:19',0),(588234344,'Paula','Howell','United States','ME','Lewiston','Ap #431-4628 Elit. Street',5,'2016-09-25 05:57:38','Female','1987-06-22 07:34:17','2014-05-25 21:42:11',0),(588234345,'Jasper','Rutledge','United States','IN','Evansville','931-1556 Lorem Street',1,'2012-02-23 16:09:13','Male','1983-05-16 20:50:20','2010-07-14 07:51:08',0),(588234346,'Barclay','Vasquez','United States','WA','Seattle','635-8849 Lacus, Rd.',1,'2010-11-18 08:30:45','Male','1987-01-06 01:29:16','2012-01-08 14:57:53',0),(588234347,'Rajah','Michael','United States','WI','Green Bay','Ap #472-8486 Leo. Rd.',2,'2016-07-17 01:13:04','Male','1984-05-03 15:02:26','2017-02-22 17:54:09',0),(588234348,'Uriah','Joyner','United States','AR','Fayetteville','1651 Enim. Av.',2,'2011-07-26 06:53:54','Female','1979-03-18 22:15:09','2018-06-09 05:32:35',0),(588234349,'Lucy','Maldonado','United States','FL','Orlando','1116 Natoque St.',3,'2018-09-22 20:35:00','Male','1997-01-19 13:57:11','2016-11-17 07:51:35',0),(588234350,'Chaney','Meyers','United States','CT','Bridgeport','714-1358 Imperdiet St.',3,'2010-07-17 21:50:02','Male','1991-09-14 04:32:44','2018-11-07 07:57:49',0),(588234351,'Destiny','Morales','United States','AK','College','446-7654 In St.',4,'2012-10-07 09:50:46','Female','1977-10-04 01:47:01','2010-12-22 16:03:49',0),(588234352,'Haley','Obrien','United States','KY','Bowling Green','Ap #505-3247 Dis Rd.',4,'2016-12-31 21:14:26','Male','1970-01-16 14:04:36','2017-12-29 20:09:07',0),(588234353,'Erica','Coleman','United States','AK','Anchorage','5323 Molestie Ave',5,'2016-01-24 08:42:12','Male','1987-08-15 08:29:56','2013-07-26 10:47:29',0),(588234354,'Mira','Wilder','United States','OK','Oklahoma City','P.O. Box 421, 313 Nullam Avenue',5,'2009-03-23 19:48:27','Male','1976-09-15 03:24:45','2014-03-18 08:20:25',0),(588234355,'Calista','Fischer','United States','HI','Kaneohe','325-2028 Ligula St.',1,'2012-09-18 09:52:45','Male','1996-03-10 01:06:41','2013-08-12 07:17:59',0),(588234356,'Martin','Glover','United States','KY','Covington','256-1007 Nunc St.',1,'2016-12-24 07:43:02','Male','1971-05-28 11:31:35','2015-10-12 20:03:41',0),(588234357,'Emery','Meadows','United States','HI','Kaneohe','359-1016 Libero. Rd.',2,'2013-01-18 21:57:05','Male','1973-06-06 14:31:52','2018-11-08 02:05:04',0),(588234358,'Harrison','Ayala','United States','IA','Des Moines','1338 Diam Rd.',2,'2011-01-02 12:30:28','Female','1984-03-18 09:24:00','2013-07-30 23:59:47',0),(588234359,'Elliott','Vaughn','United States','MD','Columbia','P.O. Box 539, 4321 Metus. St.',3,'2017-08-28 18:00:04','Female','1990-06-05 10:09:20','2018-10-24 00:10:25',0),(588234360,'Zelda','Wilcox','United States','ME','Augusta','251-4321 Aliquam Av.',3,'2015-04-08 12:56:56','Male','1984-04-04 17:09:02','2011-07-20 10:32:48',0),(588234361,'Acton','Lowery','United States','TN','Clarksville','418-9422 Aenean Road',4,'2014-11-16 16:00:32','Female','1979-08-30 16:53:53','2018-08-02 22:31:58',0),(588234362,'Hammett','Tanner','United States','WA','Olympia','Ap #289-3926 Pede. St.',4,'2014-10-09 03:18:23','Female','1989-08-13 11:54:58','2009-10-24 08:35:34',0),(588234363,'Demetria','Bonner','United States','AZ','Chandler','P.O. Box 312, 369 Lectus Rd.',5,'2018-12-01 04:29:41','Male','1979-09-02 11:24:50','2014-05-20 23:11:05',0),(588234364,'Ethan','Fields','United States','MI','Warren','937-9520 Cras Rd.',5,'2014-09-07 07:46:23','Male','1980-01-17 10:34:42','2018-02-10 17:21:08',0),(588234365,'Regina','Frederick','United States','UT','West Jordan','775-9014 Enim Street',1,'2017-02-06 22:25:22','Male','1987-09-04 10:55:47','2011-03-29 08:02:02',0),(588234366,'Lacy','Guerrero','United States','WA','Olympia','Ap #934-6852 Donec Avenue',1,'2012-03-07 11:53:34','Male','1985-01-04 21:55:52','2015-06-13 16:37:28',0),(588234367,'Elmo','Stuart','United States','MA','Worcester','P.O. Box 675, 4191 Faucibus. Rd.',2,'2012-09-26 03:11:23','Male','1972-07-27 00:51:03','2010-05-18 09:21:54',0),(588234368,'Daryl','Rivas','United States','OH','Cincinnati','177-7453 Consequat Street',2,'2013-12-28 07:35:12','Male','1995-08-09 07:29:20','2016-03-27 05:31:52',0),(588234369,'Rosalyn','Greene','United States','TX','Austin','P.O. Box 475, 2799 Amet, Av.',3,'2019-02-01 19:10:46','Female','1981-08-27 23:33:29','2009-04-27 04:41:37',0),(588234370,'Chanda','French','United States','VT','Montpelier','425-7203 Erat St.',3,'2014-12-16 21:23:29','Female','1981-03-20 23:32:30','2015-06-22 11:05:12',0),(588234371,'Ebony','Michael','United States','AR','Springdale','182-3996 Lorem, Rd.',4,'2013-01-30 13:44:23','Female','1999-07-08 01:12:38','2009-03-03 01:48:05',0),(588234372,'Colleen','Mcknight','United States','WI','Racine','P.O. Box 740, 6113 Mattis Avenue',4,'2015-10-06 04:14:05','Female','1997-11-13 06:40:26','2016-05-27 10:54:24',0),(588234373,'Oprah','Mosley','United States','UT','Provo','6710 Phasellus St.',5,'2013-11-29 19:23:43','Female','1987-08-23 22:46:16','2017-07-21 22:35:10',0),(588234374,'Madaline','Ross','United States','MO','Saint Louis','839-8931 Nunc Road',5,'2018-03-03 05:18:17','Female','1983-11-23 18:26:46','2014-01-24 11:28:26',0),(588234375,'Orlando','Christian','United States','MI','Sterling Heights','851-4034 Id Av.',1,'2015-09-30 01:33:47','Female','1972-03-19 23:40:24','2016-05-07 15:36:47',0),(588234376,'Mercedes','Holden','United States','WI','Kenosha','P.O. Box 884, 9198 Duis Road',1,'2011-11-07 20:37:13','Female','1979-07-11 12:56:38','2010-08-26 05:46:38',0),(588234377,'Ariel','Moreno','United States','IN','South Bend','237-1243 Nec Street',2,'2016-01-25 01:24:11','Male','1976-06-17 04:33:21','2009-05-07 21:31:21',0),(588234378,'Rana','Walker','United States','NV','Reno','7295 Risus St.',2,'2014-09-17 05:21:24','Male','1981-08-28 12:05:41','2009-07-21 05:21:30',0),(588234379,'Angela','Griffith','United States','HI','Kapolei','289-7008 Purus. St.',3,'2010-03-11 22:16:13','Female','1977-11-27 16:47:03','2014-03-30 07:22:34',0),(588234380,'Rebecca','Dunlap','United States','GA','Atlanta','P.O. Box 104, 6106 Sem. Av.',3,'2018-08-30 20:39:48','Male','1969-04-14 21:04:27','2010-04-13 14:40:07',0),(588234381,'Zephania','Hansen','United States','MA','Worcester','687 Nunc Avenue',4,'2018-05-06 07:47:00','Male','1998-01-20 08:10:52','2011-05-08 02:04:15',0),(588234382,'Hanae','Lawrence','United States','KS','Topeka','315-2335 Sed St.',4,'2012-11-03 13:18:21','Male','1982-09-12 04:19:23','2014-10-24 10:36:59',0),(588234383,'Justina','Cash','United States','OH','Cleveland','2670 Dictum Rd.',5,'2010-02-07 09:23:24','Male','1996-08-04 19:41:58','2012-09-24 08:24:31',0),(588234384,'Deacon','Warner','United States','MO','Saint Louis','P.O. Box 640, 8947 A, Road',5,'2013-02-27 12:40:53','Female','1976-12-29 11:27:53','2018-02-01 09:49:01',0),(588234385,'Shelley','Morin','United States','GA','Atlanta','750-102 Aptent Rd.',1,'2013-02-15 08:57:42','Female','1981-07-14 00:14:31','2009-09-22 21:55:41',0),(588234386,'Dieter','Berry','United States','AL','Tuscaloosa','960-6960 Enim. Street',1,'2013-11-16 00:33:25','Female','1995-04-29 00:07:50','2010-11-24 02:31:38',0),(588234387,'Roth','Palmer','United States','CO','Fort Collins','7055 Suscipit, Avenue',2,'2010-09-29 20:21:26','Female','1992-11-26 15:53:29','2011-05-28 07:58:18',0),(588234388,'Odysseus','Hill','United States','CA','San Jose','Ap #564-7823 Scelerisque Ave',2,'2012-04-09 03:24:15','Female','1989-04-21 01:39:12','2014-09-07 15:53:10',0),(588234389,'Martha','Harrington','United States','IN','South Bend','Ap #916-9259 Sociosqu St.',3,'2013-12-14 09:17:55','Female','1969-08-07 05:37:39','2018-06-07 03:28:37',0),(588234390,'Vivian','Forbes','United States','PA','Harrisburg','Ap #625-761 Feugiat. St.',3,'2016-10-26 17:23:36','Female','1986-02-12 20:16:20','2015-09-16 19:58:39',0),(588234391,'Hayfa','Glass','United States','OH','Cleveland','Ap #940-2121 Varius St.',4,'2014-07-31 15:36:40','Female','1992-03-31 07:03:06','2010-12-03 09:00:00',0),(588234392,'Asher','Humphrey','United States','CO','Lakewood','293-5064 Id Ave',4,'2017-12-28 05:42:52','Male','1978-01-03 01:20:24','2015-06-01 04:15:31',0),(588234393,'Samantha','Lawrence','United States','OR','Eugene','P.O. Box 729, 2434 Rutrum Road',5,'2010-11-27 01:32:23','Male','1981-12-07 11:10:25','2014-02-18 17:37:19',0),(588234394,'Yen','Bryant','United States','OR','Eugene','566-6280 Nullam Street',5,'2009-05-06 23:19:08','Male','1987-06-11 14:46:25','2016-03-26 22:46:52',0),(588490987,'Felix','Norton','United States','KY','Bowling Green','527-5868 Enim, Rd.',2,'2013-08-01 04:10:14','Female','1991-09-18 13:51:03','2013-06-27 21:24:04',1),(608300661,'Jesse','Fitzgerald','United States','MT','Missoula','P.O. Box 773, 1474 Lorem Rd.',4,'2010-06-30 11:29:10','Female','1977-07-05 02:34:10','2010-01-12 08:48:14',1),(615176781,'Darius','Farley','United States','IA','Davenport','P.O. Box 367, 2292 Nulla Rd.',4,'2011-12-14 18:15:54','Male','1965-03-30 21:38:17','2013-07-09 00:59:10',1),(619019508,'Herrod','Hogan','United States','MO','Springfield','P.O. Box 927, 7420 Vestibulum, Road',2,'2009-03-09 04:37:25','Male','1965-08-19 22:18:04','2012-06-20 11:32:17',1),(635148372,'Mohammad','Pruitt','United States','MA','Springfield','7271 Nulla St.',1,'2011-09-23 01:13:53','Female','1999-09-27 05:49:22','2017-07-19 14:21:10',1),(642599617,'Nolan','Bray','United States','KS','Olathe','P.O. Box 744, 7282 Nec, Rd.',2,'2016-07-20 19:44:53','Male','1968-12-18 00:33:00','2009-05-06 23:23:15',1),(656623824,'Noah','Allen','United States','CA','San Francisco','P.O. Box 397, 800 Nam Av.',4,'2013-03-04 09:25:29','Female','1991-03-07 07:05:07','2012-12-26 15:40:23',1),(661121905,'Elijah','Everett','United States','FL','Tampa','931-426 Phasellus Avenue',3,'2018-03-28 10:44:37','Female','1968-06-06 06:01:51','2009-03-28 11:33:25',1),(670410745,'Lamar','Golden','United States','KY','Bowling Green','P.O. Box 145, 3146 Consectetuer Av.',5,'2015-08-27 19:56:58','Female','1965-07-03 18:17:51','2017-06-01 11:59:54',1),(671533842,'Dean','Spears','United States','ME','Auburn','P.O. Box 195, 7222 Euismod Av.',4,'2011-10-17 22:08:28','Male','1963-01-28 08:51:35','2018-05-15 22:46:24',1),(701007981,'Damian','Gallagher','United States','OR','Eugene','Ap #720-5673 Ridiculus Avenue',4,'2012-03-19 06:39:47','Male','1972-05-15 01:07:20','2014-05-06 04:51:23',1),(715303459,'Dante','Weber','United States','MS','Hattiesburg','5199 Tellus. St.',1,'2013-07-16 10:35:47','Male','1966-09-08 14:28:03','2009-12-31 03:03:38',1),(715705539,'Hector','Holland','United States','HI','Kailua','Ap #579-1577 Tempus St.',5,'2010-04-28 02:52:02','Male','1984-09-03 14:30:17','2016-08-19 21:42:33',1),(725777262,'Channing','Ellis','United States','WA','Bellevue','Ap #744-5975 Et, Rd.',3,'2014-09-06 05:22:08','Female','2000-08-30 14:16:40','2010-05-24 04:29:39',1),(750220519,'Chancellor','Mckinney','United States','WA','Olympia','P.O. Box 330, 2027 Euismod Street',2,'2015-03-23 11:37:19','Female','1959-08-25 01:29:41','2015-11-07 21:14:52',1),(762854610,'Raja','Kramer','United States','IL','Naperville','Ap #381-6357 Nisl Ave',1,'2017-10-21 11:24:35','Female','1973-06-13 19:02:54','2009-11-21 04:59:43',1),(764374344,'Nigel','Edwards','United States','AZ','Chandler','P.O. Box 647, 4512 Cursus Street',2,'2014-05-02 13:11:24','Male','1966-06-10 09:22:05','2018-11-01 03:24:55',1),(788287639,'Fritz','Melendez','United States','IL','Aurora','1019 Mi Rd.',3,'2012-08-16 22:56:41','Male','1970-12-03 09:58:51','2014-08-10 21:16:30',1),(788635951,'Kamal','Knapp','United States','HI','Honolulu','P.O. Box 943, 5342 Mollis Rd.',1,'2014-06-27 15:33:43','Male','1987-08-22 05:02:55','2014-02-17 16:46:23',1),(790241103,'Ivor','Martinez','United States','KY','Louisville','3628 Eu Avenue',2,'2017-06-04 00:50:54','Female','1985-07-23 02:35:12','2018-07-08 17:35:53',1),(791649734,'Clinton','Morton','United States','MO','Independence','835-1905 Cum Ave',5,'2010-03-23 11:54:27','Female','1996-07-10 14:13:29','2017-06-20 15:46:52',1),(792383549,'Zeus','Bolton','United States','ID','Boise','Ap #623-2182 Scelerisque St.',2,'2014-01-08 04:58:37','Male','1977-07-29 01:50:39','2012-11-29 18:39:33',1),(797306453,'Abdul','Mullins','United States','MO','Independence','720-9097 A, Road',1,'2018-12-31 01:49:22','Male','1985-08-18 03:32:16','2018-01-22 12:57:29',1),(800426157,'Jerry','Robbins','United States','KS','Overland Park','P.O. Box 662, 1876 Lacinia. Rd.',4,'2009-10-03 04:02:21','Male','1976-05-30 14:31:09','2010-04-16 09:09:54',1),(843939620,'Keegan','Marsh','United States','OK','Tulsa','P.O. Box 581, 8949 Curae; Road',4,'2015-02-11 16:57:47','Male','1994-02-19 10:47:51','2017-01-28 20:51:43',1),(844743047,'Reece','Huber','United States','KS','Overland Park','Ap #186-7497 A St.',4,'2015-10-11 00:59:10','Female','1964-04-08 02:16:21','2017-03-22 21:59:07',1),(847680386,'Grady','Osborn','United States','NE','Grand Island','6876 Dolor Rd.',5,'2017-12-30 21:46:42','Male','1963-01-23 22:10:21','2016-12-05 14:41:54',1),(866336837,'Nehru','Daniels','United States','VA','Virginia Beach','Ap #919-7970 Consectetuer St.',3,'2016-09-05 08:54:18','Female','1981-04-25 04:21:02','2009-12-22 09:40:47',1),(875390445,'Solomon','Schultz','United States','NE','Grand Island','Ap #178-7353 Donec Ave',2,'2018-06-05 03:23:02','Female','1965-11-16 04:22:12','2018-12-14 16:01:08',1),(878920693,'Nero','Ramos','United States','HI','Honolulu','P.O. Box 707, 3975 Nullam Ave',4,'2009-04-02 05:33:29','Female','1964-11-04 04:55:56','2012-10-28 06:25:45',1),(905715363,'Clarke','Wilkins','United States','MT','Bozeman','3243 Ridiculus Av.',2,'2018-04-08 10:44:40','Male','1981-04-11 12:10:14','2011-12-25 22:37:50',1),(926506015,'Dorian','Mathis','United States','IL','Joliet','9965 Gravida. St.',3,'2014-06-11 10:22:05','Male','1988-03-07 10:21:59','2013-01-22 20:26:33',1),(933415614,'Bradley','Summers','United States','TN','Chattanooga','P.O. Box 119, 2819 Orci, Av.',5,'2018-07-31 13:53:27','Male','1994-07-31 07:51:24','2011-10-09 09:34:43',1),(940722960,'Geoffrey','Carney','United States','MA','Boston','P.O. Box 876, 1053 Donec St.',5,'2015-02-16 14:50:05','Male','1968-08-04 14:21:08','2011-09-17 20:07:30',1),(941876435,'Quentin','Blanchard','United States','GA','Athens','Ap #568-7421 Faucibus. St.',5,'2012-05-29 19:08:54','Male','1977-07-13 10:29:25','2016-06-09 01:14:22',1),(942460080,'Barclay','Briggs','United States','MS','Biloxi','390-753 Tempor Rd.',3,'2017-10-09 09:54:58','Male','1973-03-21 17:58:33','2011-02-10 09:31:09',1),(944841352,'Steven','Pace','United States','CA','San Francisco','2105 Risus, Street',1,'2014-04-27 05:19:11','Male','1960-12-08 13:41:09','2015-09-03 03:02:50',1),(948408919,'Justin','Lee','United States','WA','Bellevue','P.O. Box 760, 7010 At Ave',4,'2015-05-15 05:50:14','Female','1986-07-13 12:26:45','2010-04-22 16:47:28',1),(956808240,'Howard','Wade','United States','LA','Shreveport','Ap #706-8499 Ligula Avenue',3,'2010-11-23 00:56:37','Male','1964-06-30 14:39:03','2010-10-22 12:52:53',1),(972062335,'Ray','Banks','United States','ME','Auburn','Ap #489-620 In St.',4,'2011-08-21 06:43:35','Female','1966-01-11 17:10:58','2009-04-03 13:01:10',1),(972337521,'Baxter','Mcneil','United States','NE','Lincoln','P.O. Box 940, 9735 Non, St.',5,'2014-07-01 13:03:11','Female','1986-02-16 03:47:14','2011-10-01 23:00:19',1),(972919450,'Garrison','Everett','United States','OK','Tulsa','7786 Tellus. Rd.',4,'2018-02-25 18:30:31','Female','1996-10-23 17:49:56','2017-06-14 03:51:15',1),(974627663,'Randall','Payne','United States','MN','Rochester','725-3979 A, Ave',3,'2012-03-25 23:39:00','Female','1981-08-21 00:23:29','2013-03-22 06:42:59',1),(975056466,'Aquila','Mcdonald','United States','ID','Meridian','Ap #875-975 Et Rd.',1,'2011-12-02 11:37:06','Male','1991-07-03 01:14:26','2018-01-04 17:14:22',1),(980024731,'Brian','William','United States','NE','Kearney','800-4951 Vestibulum Ave',3,'2011-06-08 23:02:03','Male','1960-01-31 23:45:51','2010-05-23 12:09:41',1),(983163973,'Nasim','West','United States','MA','Boston','P.O. Box 144, 7305 Amet Ave',5,'2016-07-10 13:21:37','Female','1991-07-11 03:39:52','2011-06-17 07:20:56',1);
/*!40000 ALTER TABLE `customer` ENABLE KEYS */;
UNLOCK TABLES;

--
-- Table structure for table `experience`
--

DROP TABLE IF EXISTS `experience`;
/*!40101 SET @saved_cs_client     = @@character_set_client */;
 SET character_set_client = utf8mb4 ;
CREATE TABLE `experience` (
  `experience_id` int(11) NOT NULL,
  `experience_name` varchar(45) DEFAULT NULL,
  `experience_category` varchar(45) DEFAULT NULL,
  `experience_price` float DEFAULT NULL,
  `host_id` int(11) DEFAULT NULL,
  `experience_country` varchar(45) DEFAULT NULL,
  `experience_city` varchar(45) DEFAULT NULL,
  `experience_address` varchar(45) DEFAULT NULL,
  `experience_review_score` int(11) DEFAULT NULL,
  `itinerary_itinerary_id` int(11) NOT NULL,
  `created_date` datetime DEFAULT NULL,
  `modified_date` datetime DEFAULT NULL,
  PRIMARY KEY (`experience_id`),
  KEY `fk_experience_txn_itinerary1_idx` (`itinerary_itinerary_id`),
  CONSTRAINT `fk_experience_txn_itinerary1` FOREIGN KEY (`itinerary_itinerary_id`) REFERENCES `itinerary` (`itinerary_id`)
) ENGINE=InnoDB DEFAULT CHARSET=utf8;
/*!40101 SET character_set_client = @saved_cs_client */;

--
-- Dumping data for table `experience`
--

LOCK TABLES `experience` WRITE;
/*!40000 ALTER TABLE `experience` DISABLE KEYS */;
INSERT INTO `experience` VALUES (9593310,'eu odio tristique','tour',47,500769369,'United States','Lexington','3835 Lorem Street',5,918654971,'2013-08-01 04:10:00','2013-06-27 21:24:00'),(10561264,'dictum. Proin eget','entertainment',17,642831291,'United States','Boston','Ap #848-5017 Urna. St.',4,875833394,'2015-02-16 14:50:00','2011-09-17 20:07:00'),(18992842,'quis massa. Mauris','entertainment',43,660747288,'United States','Wichita','Ap #892-524 Pellentesque Rd.',3,154787832,'2015-10-11 00:59:00','2017-03-22 21:59:00'),(21411319,'sodales nisi magna','tour',13,779275684,'United States','Memphis','4227 Donec St.',1,686604919,'2018-07-31 13:53:00','2011-10-09 09:34:00'),(28746907,'rhoncus. Donec est.','tour',23,155663727,'United States','Birmingham','135-960 Felis Road',3,825492986,'2012-03-14 20:09:00','2010-05-19 13:23:00'),(45615549,'molestie pharetra nibh.','dining',97,918427147,'United States','Bridgeport','Ap #145-6930 Vulputate, Av.',5,191619683,'2011-06-13 04:34:00','2013-03-30 08:43:00'),(57105868,'iaculis nec, eleifend','dining',43,425432168,'United States','Boston','Ap #370-5136 Vivamus Avenue',1,90507351,'2016-07-10 13:21:00','2011-06-17 07:20:00'),(66445487,'condimentum eget, volutpat','dining',71,906757000,'United States','Tacoma','P.O. Box 542, 3303 Augue St.',1,220111264,'2017-01-26 10:50:00','2013-01-28 19:57:00'),(76333335,'risus. Duis a','dining',79,436978373,'United States','Dover','237 Nunc Road',1,285199220,'2013-09-28 04:16:00','2013-09-18 03:54:00'),(90265240,'non, cursus non,','entertainment',97,621534148,'United States','Austin','786-878 At, Street',4,546318791,'2014-08-23 01:49:00','2017-03-16 14:49:00'),(92653120,'neque. Morbi quis','dining',23,787835529,'United States','Naperville','P.O. Box 264, 3800 Sit Street',5,210831855,'2016-07-24 02:58:00','2018-01-01 03:29:00'),(94909173,'Curae; Donec tincidunt.','entertainment',89,267078913,'United States','Hillsboro','P.O. Box 715, 1207 Fusce Rd.',5,505846675,'2017-09-29 02:31:00','2015-02-26 04:39:00'),(105470058,'at, velit. Cras','tour',31,842886731,'United States','Bloomington','P.O. Box 333, 6146 In Avenue',2,409585502,'2012-03-25 23:39:00','2013-03-22 06:42:00'),(123742892,'Phasellus nulla. Integer','tour',41,642184451,'United States','Tacoma','P.O. Box 959, 378 Nunc Rd.',2,22533343,'2014-03-04 00:44:00','2012-12-19 11:09:00'),(158708461,'nisl elementum purus,','entertainment',79,876954710,'United States','Honolulu','218 Sagittis. Rd.',2,171913866,'2010-03-05 17:35:00','2014-02-27 13:25:00'),(165566530,'eleifend nec, malesuada','entertainment',67,648464006,'United States','Carson City','577-7207 Primis Ave',2,373822204,'2016-08-20 19:25:00','2009-07-01 12:09:00'),(166494328,'Donec tempor, est','entertainment',5,778235143,'United States','Tulsa','P.O. Box 286, 209 Dictum St.',1,863413068,'2018-02-25 18:30:00','2017-06-14 03:51:00'),(171056336,'accumsan convallis, ante','dining',47,597919547,'United States','Cedar Rapids','Ap #296-4000 Arcu Street',2,37393725,'2017-03-18 06:07:00','2014-10-04 14:54:00'),(180710642,'tincidunt adipiscing. Mauris','tour',89,923674766,'United States','Colchester','405-1006 Cras Avenue',2,828418426,'2014-01-02 17:05:00','2012-04-17 11:15:00'),(183532407,'diam eu dolor','dining',13,816971774,'United States','Davenport','9950 Adipiscing Road',5,596313312,'2011-12-14 18:15:00','2013-07-09 00:59:00'),(215242710,'id, blandit at,','tour',71,154624456,'United States','Boise','Ap #336-2122 Sed Street',5,346663040,'2011-12-02 11:37:00','2018-01-04 17:14:00'),(219905296,'dolor sit amet,','dining',41,941659104,'United States','Overland Park','Ap #671-9268 Lorem St.',1,587150475,'2009-10-03 04:02:00','2010-04-16 09:09:00'),(237574710,'non, luctus sit','entertainment',43,622680288,'United States','Great Falls','P.O. Box 225, 3655 Nec, Av.',2,261541254,'2010-06-30 11:29:00','2010-01-12 08:48:00'),(249790072,'ligula tortor, dictum','dining',31,411781206,'United States','Kearney','P.O. Box 875, 6364 Augue St.',4,946030889,'2014-07-01 13:03:00','2011-10-01 23:00:00'),(257563965,'dapibus gravida. Aliquam','dining',41,114128960,'United States','Davenport','P.O. Box 782, 6848 Nulla Av.',3,513085217,'2017-11-20 19:25:00','2010-03-12 08:45:00'),(281202606,'posuere cubilia Curae;','entertainment',71,603433962,'United States','Frederick','202-999 Lacus. Road',2,484602594,'2010-03-11 08:24:00','2012-07-23 23:52:00'),(295755854,'lectus convallis est,','entertainment',29,853781003,'United States','West Valley City','Ap #723-741 Erat Ave',4,645048869,'2014-11-26 11:33:00','2010-08-02 11:45:00'),(308336601,'enim diam vel','entertainment',41,579385352,'United States','Boise','6282 Cum Road',2,606513091,'2014-01-08 04:58:00','2012-11-29 18:39:00'),(341696243,'felis ullamcorper viverra.','tour',89,833364193,'United States','Joliet','Ap #125-6851 Suscipit Road',5,511776460,'2014-06-11 10:22:00','2013-01-22 20:26:00'),(344111703,'tempor bibendum. Donec','dining',41,477445654,'United States','Clarksville','P.O. Box 168, 4229 Iaculis, Rd.',5,751269226,'2016-04-21 21:54:00','2011-05-04 23:09:00'),(358084713,'sapien. Aenean massa.','dining',79,395474869,'United States','Worcester','135-3767 Fermentum Ave',4,991252883,'2013-02-13 04:21:00','2013-10-07 05:58:00'),(364985069,'nibh dolor, nonummy','dining',73,525907895,'United States','Southaven','9477 Odio Rd.',1,252711338,'2013-07-16 10:35:00','2009-12-31 03:03:00'),(371087958,'magnis dis parturient','dining',61,868450040,'United States','Lowell','376-7789 Sem St.',4,126800994,'2011-09-23 01:13:00','2017-07-19 14:21:00'),(376983318,'elit erat vitae','dining',7,587522483,'United States','Kailua','621-4810 Congue Road',2,725556898,'2018-02-10 22:24:00','2014-06-05 08:01:00'),(383620754,'sed sem egestas','dining',7,534663083,'United States','Grand Rapids','Ap #782-9422 Quis Road',1,63360309,'2018-09-30 12:02:00','2015-04-18 08:22:00'),(396769382,'Duis mi enim,','dining',29,115349433,'United States','Fort Collins','P.O. Box 304, 5877 Imperdiet Avenue',3,91569152,'2016-10-24 07:47:00','2014-12-10 14:12:00'),(397879115,'consectetuer adipiscing elit.','tour',79,10082212,'United States','Oklahoma City','P.O. Box 427, 7161 Maecenas St.',4,810386342,'2015-02-11 16:57:00','2017-01-28 20:51:00'),(420722134,'sapien imperdiet ornare.','tour',2,226582567,'United States','Spokane','1448 Lorem Avenue',3,154724355,'2015-03-23 11:37:00','2015-11-07 21:14:00'),(421107673,'ac mi eleifend','dining',2,403742083,'United States','Norfolk','Ap #958-3108 Imperdiet Av.',1,592217889,'2016-09-05 08:54:00','2009-12-22 09:40:00'),(433644960,'Nullam suscipit, est','entertainment',1,475708053,'United States','Provo','178-3991 Felis. St.',4,650890783,'2011-04-22 18:36:00','2017-10-27 15:29:00'),(436578082,'velit eget laoreet','dining',59,347249989,'United States','Baton Rouge','Ap #128-7014 Risus. Avenue',4,911009843,'2010-11-23 00:56:00','2010-10-22 12:52:00'),(446812927,'laoreet ipsum. Curabitur','tour',3,49812241,'United States','South Portland','880 Imperdiet St.',2,230076614,'2011-08-21 06:43:00','2009-04-03 13:01:00'),(457128890,'accumsan laoreet ipsum.','tour',89,455619742,'United States','Independence','242-7124 Fames Ave',5,262512270,'2010-03-23 11:54:00','2017-06-20 15:46:00'),(474038890,'dolor dolor, tempus','tour',53,510642622,'United States','Harrisburg','P.O. Box 991, 1531 Semper, Road',2,720893742,'2014-02-12 15:39:00','2015-08-31 21:26:00'),(487894826,'neque sed dictum','dining',19,480566553,'United States','Saint Louis','9615 Molestie Ave',4,635241177,'2010-01-05 03:28:00','2011-12-28 02:42:00'),(493972616,'ante ipsum primis','dining',13,311736797,'United States','Cheyenne','561 Nunc, St.',3,672521176,'2013-12-25 19:27:00','2011-12-14 13:32:00'),(523950236,'ac libero nec','tour',2,258849736,'United States','Salt Lake City','7427 Rutrum Avenue',4,598727220,'2018-12-09 00:27:00','2018-05-11 02:20:00'),(554065193,'massa. Vestibulum accumsan','tour',59,661422022,'United States','Covington','Ap #582-2175 Felis. St.',5,540601630,'2015-08-27 19:56:00','2017-06-01 11:59:00'),(556392223,'commodo tincidunt nibh.','tour',59,577433584,'United States','Juneau','P.O. Box 212, 4207 Lorem St.',1,496298332,'2016-11-15 04:26:00','2010-06-08 22:23:00'),(564441657,'enim diam vel','entertainment',11,881470389,'United States','Denver','402-6224 Maecenas Rd.',2,160673224,'2014-03-19 09:14:00','2011-03-09 21:20:00'),(564521045,'a, malesuada id,','dining',41,255477374,'United States','West Jordan','3941 Malesuada Ave',1,50238021,'2014-06-12 17:47:00','2010-11-27 00:22:00'),(578132201,'tristique aliquet. Phasellus','dining',89,968433185,'United States','Wichita','8422 Sed Rd.',5,673761565,'2018-10-12 14:16:00','2012-02-15 17:46:00'),(580435063,'interdum feugiat. Sed','dining',7,249099342,'United States','Duluth','1006 Interdum. Rd.',4,302743406,'2009-09-15 06:17:00','2010-04-12 15:52:00'),(585421886,'vel, mauris. Integer','tour',37,600981062,'United States','Aurora','3750 At, Rd.',1,685898744,'2012-08-16 22:56:00','2014-08-10 21:16:00'),(593494826,'ut, sem. Nulla','entertainment',19,392732277,'United States','Baltimore','Ap #352-5495 Suspendisse Rd.',2,782665079,'2016-11-16 19:42:00','2011-03-22 18:17:00'),(607495942,'consequat, lectus sit','dining',43,591074604,'United States','Louisville','964-1181 Etiam St.',3,716014881,'2017-06-04 00:50:00','2018-07-08 17:35:00'),(626539142,'Vivamus non lorem','tour',2,182336990,'United States','Kansas City','Ap #565-3904 Laoreet Av.',5,43925551,'2018-12-31 01:49:00','2018-01-22 12:57:00'),(632176582,'pellentesque, tellus sem','entertainment',23,818594749,'United States','Hattiesburg','P.O. Box 870, 7507 Fringilla Rd.',3,920270584,'2017-10-09 09:54:00','2011-02-10 09:31:00'),(632797692,'eget odio. Aliquam','dining',61,79428025,'United States','Rutland','P.O. Box 690, 8360 Nunc St.',3,473937084,'2013-11-03 12:58:00','2012-12-18 02:09:00'),(635111149,'Cras eu tellus','entertainment',41,784818130,'United States','Kaneohe','P.O. Box 482, 9383 Phasellus Road',2,703354985,'2010-04-28 02:52:00','2016-08-19 21:42:00'),(636442261,'dui, nec tempus','dining',23,21573720,'United States','Reading','6537 Et Road',4,683454144,'2018-11-02 06:42:00','2012-05-01 19:22:00'),(658724240,'enim. Suspendisse aliquet,','entertainment',41,901011148,'United States','Des Moines','Ap #930-1891 Et St.',1,472179191,'2009-05-04 13:11:00','2012-02-24 06:01:00'),(660455510,'Nunc ac sem','dining',89,162967822,'United States','Bangor','9840 At Avenue',2,467629036,'2011-10-17 22:08:00','2018-05-15 22:46:00'),(664082716,'non justo. Proin','tour',41,713265767,'United States','Jacksonville','Ap #332-1937 Massa. Av.',5,270324833,'2018-03-28 10:44:00','2009-03-28 11:33:00'),(668480320,'non dui nec','dining',47,658935820,'United States','Lakewood','Ap #113-2236 Ipsum Avenue',4,697876589,'2010-04-11 01:12:00','2015-01-12 09:59:00'),(670761477,'Nam consequat dolor','entertainment',71,898603824,'United States','West Jordan','380-3112 Non Street',3,841053291,'2012-04-03 23:45:00','2016-05-29 10:35:00'),(676114564,'viverra. Maecenas iaculis','entertainment',3,650659360,'United States','Miami','P.O. Box 935, 3611 Integer Rd.',3,860162650,'2014-06-11 19:43:00','2014-04-09 12:20:00'),(686479940,'Mauris ut quam','tour',1,650351232,'United States','Savannah','Ap #405-550 Phasellus Rd.',5,201552080,'2012-05-29 19:08:00','2016-06-09 01:14:00'),(695101691,'lectus. Nullam suscipit,','entertainment',59,628594764,'United States','Bear','4461 Lorem Road',4,542615471,'2012-09-19 23:29:00','2017-05-06 05:53:00'),(696183037,'In condimentum. Donec','entertainment',89,831261391,'United States','Omaha','P.O. Box 593, 4122 Adipiscing Ave',4,262738875,'2011-06-08 23:02:00','2010-05-23 12:09:00'),(698226057,'Proin mi. Aliquam','entertainment',3,924890429,'United States','Cheyenne','P.O. Box 339, 559 Sem St.',2,290975465,'2018-10-09 04:55:00','2015-05-29 14:23:00'),(714277191,'arcu eu odio','entertainment',89,998917843,'United States','Racine','Ap #778-9308 Suspendisse Ave',3,162763155,'2016-01-14 17:44:00','2009-12-16 13:54:00'),(715997250,'dictum eu, placerat','dining',71,383682952,'United States','Warren','P.O. Box 629, 2112 Dignissim. Rd.',3,382227346,'2012-02-15 08:00:00','2014-05-10 20:28:00'),(750074502,'tortor nibh sit','entertainment',41,776340432,'United States','Kansas City','9926 Ac St.',3,380310417,'2016-07-20 19:44:00','2009-05-06 23:23:00'),(752817742,'non, luctus sit','tour',31,190106930,'United States','Fort Wayne','3571 Cursus. Rd.',5,265913764,'2012-12-03 13:02:00','2017-05-02 15:03:00'),(759209109,'vitae aliquam eros','entertainment',11,822204186,'United States','Juneau','Ap #746-2454 A Avenue',3,975368358,'2010-01-28 01:02:00','2012-03-16 07:27:00'),(765525613,'malesuada id, erat.','dining',5,902841352,'United States','Harrisburg','P.O. Box 761, 980 Adipiscing Road',4,572570240,'2017-01-30 14:47:00','2013-04-29 07:02:00'),(774345441,'Aliquam ultrices iaculis','entertainment',31,451820187,'United States','Kansas City','Ap #909-5183 Fermentum Road',2,896906641,'2013-02-04 14:16:00','2016-01-12 08:29:00'),(779402098,'pede. Suspendisse dui.','dining',29,900213679,'United States','Newark','3341 Sit Rd.',4,198816654,'2018-01-25 15:40:00','2014-11-18 18:45:00'),(782775639,'gravida sagittis. Duis','entertainment',41,283553519,'United States','Rockville','P.O. Box 361, 8011 Cum St.',2,535690945,'2017-12-02 03:19:00','2016-04-21 07:06:00'),(784715765,'sem magna nec','dining',71,28815769,'United States','Fort Worth','5616 Phasellus St.',4,786661371,'2013-11-28 10:12:00','2009-10-11 11:55:00'),(789650959,'Nulla facilisi. Sed','dining',61,10177152,'United States','Fort Smith','Ap #747-5504 Vitae Avenue',2,937279503,'2011-11-03 10:04:00','2016-08-23 11:59:00'),(808069231,'ornare. In faucibus.','dining',47,913461430,'United States','Lansing','898-6046 Ligula. St.',5,800254369,'2012-08-14 01:58:00','2017-04-21 09:08:00'),(814673273,'Nunc ac sem','entertainment',47,443899554,'United States','Phoenix','8380 Id Rd.',3,766282131,'2014-05-02 13:11:00','2018-11-01 03:24:00'),(826986283,'dolor. Quisque tincidunt','dining',97,879969376,'United States','Casper','Ap #440-7586 Phasellus Street',4,558154787,'2015-11-20 22:59:00','2012-03-17 06:51:00'),(842720948,'lacus, varius et,','tour',97,767518426,'United States','Seattle','Ap #182-1281 Laoreet Rd.',4,376309985,'2015-05-15 05:50:00','2010-04-22 16:47:00'),(850504564,'ornare. In faucibus.','entertainment',3,6344337,'United States','Grand Island','P.O. Box 305, 1952 Maecenas Avenue',4,330246745,'2017-12-30 21:46:00','2016-12-05 14:41:00'),(850813916,'vitae nibh. Donec','tour',53,243921897,'United States','Annapolis','P.O. Box 299, 861 Maecenas St.',3,221989221,'2010-03-17 09:41:00','2010-02-01 08:16:00'),(854510518,'arcu. Curabitur ut','dining',2,607536612,'United States','Spokane','P.O. Box 399, 5627 Pede. Av.',5,327284188,'2014-09-06 05:22:00','2010-05-24 04:29:00'),(872094313,'vel est tempor','tour',19,261775530,'United States','Evansville','Ap #261-5350 Pharetra, St.',5,655000420,'2011-06-19 08:01:00','2016-11-26 22:11:00'),(886502483,'quis, tristique ac,','tour',53,745844654,'United States','Hilo','575-5517 Id Street',2,73455016,'2014-06-27 15:33:00','2014-02-17 16:46:00'),(895279255,'Suspendisse sed dolor.','tour',53,230133985,'United States','Glendale','944 Et, Street',2,608955662,'2010-04-21 00:35:00','2011-07-17 23:05:00'),(916575012,'auctor vitae, aliquet','dining',47,884073990,'United States','San Francisco','Ap #216-9663 Vitae Ave',1,735198392,'2014-04-27 05:19:00','2015-09-03 03:02:00'),(917916884,'elit. Curabitur sed','dining',59,350873410,'United States','Grand Island','Ap #380-3115 Et, Rd.',1,462036138,'2018-06-05 03:23:00','2018-12-14 16:01:00'),(924492846,'nibh. Donec est','entertainment',61,869240705,'United States','Gresham','Ap #711-6451 Consequat Road',5,549963320,'2012-03-19 06:39:00','2014-05-06 04:51:00'),(926426115,'diam at pretium','entertainment',37,278144829,'United States','Chicago','Ap #516-3994 Lectus Avenue',2,539033217,'2017-10-21 11:24:00','2009-11-21 04:59:00'),(930853395,'Sed malesuada augue','dining',29,611174459,'United States','Kaneohe','P.O. Box 165, 3887 Aliquam Av.',1,511362279,'2009-04-02 05:33:00','2012-10-28 06:25:00'),(938771979,'Nulla eget metus','entertainment',59,511257958,'United States','Butte','4406 Amet Rd.',5,258211564,'2018-04-08 10:44:00','2011-12-25 22:37:00'),(982452203,'ac risus. Morbi','entertainment',37,831260385,'United States','Jefferson City','3856 Luctus St.',5,788923217,'2009-03-09 04:37:00','2012-06-20 11:32:00'),(987492758,'faucibus. Morbi vehicula.','entertainment',31,205982390,'United States','Fresno','Ap #141-3506 Massa Av.',4,887785640,'2013-03-04 09:25:00','2012-12-26 15:40:00');
/*!40000 ALTER TABLE `experience` ENABLE KEYS */;
UNLOCK TABLES;

--
-- Table structure for table `host`
--

DROP TABLE IF EXISTS `host`;
/*!40101 SET @saved_cs_client     = @@character_set_client */;
 SET character_set_client = utf8mb4 ;
CREATE TABLE `host` (
  `customer_id` int(11) NOT NULL,
  `host_is_superhost` tinyint(4) DEFAULT NULL,
  `number_of_listing` int(11) DEFAULT NULL,
  `number_of_experience` int(11) DEFAULT NULL,
  `created_date` datetime DEFAULT NULL,
  `modified_date` datetime DEFAULT NULL,
  PRIMARY KEY (`customer_id`),
  CONSTRAINT `customer_id` FOREIGN KEY (`customer_id`) REFERENCES `customer` (`customer_id`)
) ENGINE=InnoDB DEFAULT CHARSET=utf8;
/*!40101 SET character_set_client = @saved_cs_client */;

--
-- Dumping data for table `host`
--

LOCK TABLES `host` WRITE;
/*!40000 ALTER TABLE `host` DISABLE KEYS */;
INSERT INTO `host` VALUES (23210818,0,3,3,'2013-02-13 04:21:20','2013-10-07 05:58:25'),(50857184,0,3,3,'2010-01-05 03:28:23','2011-12-28 02:42:33'),(80521008,1,4,4,'2014-11-26 11:33:00','2010-08-02 11:45:44'),(82487356,0,1,1,'2018-10-09 04:55:45','2015-05-29 14:23:44'),(87065496,1,2,2,'2017-03-18 06:07:38','2014-10-04 14:54:24'),(103329173,1,2,2,'2016-10-24 07:47:28','2014-12-10 14:12:01'),(104441936,0,3,3,'2012-02-15 08:00:29','2014-05-10 20:28:35'),(116608332,1,2,2,'2011-06-19 08:01:19','2016-11-26 22:11:58'),(149485245,1,30,2,'2011-06-13 04:34:00','2013-03-30 08:43:37'),(150945608,1,4,4,'2013-11-28 10:12:55','2009-10-11 11:55:41'),(172604142,0,1,1,'2018-09-30 12:02:41','2015-04-18 08:22:25'),(176626125,1,4,4,'2010-04-11 01:12:19','2015-01-12 09:59:35'),(195393863,0,3,3,'2012-09-19 23:29:23','2017-05-06 05:53:24'),(207035437,0,3,3,'2014-03-04 00:44:36','2012-12-19 11:09:53'),(213252562,0,3,3,'2010-03-05 17:35:49','2014-02-27 13:25:04'),(217561554,1,2,2,'2016-01-14 17:44:31','2009-12-16 13:54:41'),(241269950,0,3,3,'2018-11-02 06:42:40','2012-05-01 19:22:14'),(268548575,1,4,4,'2011-04-22 18:36:27','2017-10-27 15:29:06'),(275132462,1,4,4,'2016-11-15 04:26:03','2010-06-08 22:23:17'),(276669801,0,1,1,'2014-03-19 09:14:37','2011-03-09 21:20:37'),(279492466,1,2,2,'2016-08-20 19:25:15','2009-07-01 12:09:41'),(283151223,1,2,2,'2013-02-04 14:16:49','2016-01-12 08:29:14'),(299072017,0,1,1,'2014-06-11 19:43:06','2014-04-09 12:20:29'),(318445434,0,3,3,'2013-09-28 04:16:43','2013-09-18 03:54:37'),(323692483,0,3,3,'2010-03-11 08:24:20','2012-07-23 23:52:38'),(326364171,1,2,2,'2012-04-03 23:45:05','2016-05-29 10:35:46'),(331421131,1,2,2,'2011-11-03 10:04:54','2016-08-23 11:59:47'),(341982908,1,2,2,'2009-05-04 13:11:57','2012-02-24 06:01:46'),(350512901,0,1,1,'2017-01-26 10:50:41','2013-01-28 19:57:37'),(350796579,1,2,2,'2016-04-21 21:54:46','2011-05-04 23:09:01'),(357395029,1,4,4,'2013-12-25 19:27:22','2011-12-14 13:32:53'),(402516637,1,4,4,'2017-12-02 03:19:05','2016-04-21 07:06:08'),(425160090,0,3,3,'2010-04-21 00:35:01','2011-07-17 23:05:00'),(435290531,1,4,4,'2018-10-12 14:16:10','2012-02-15 17:46:43'),(438865396,0,3,3,'2012-12-03 13:02:07','2017-05-02 15:03:02'),(447087081,0,1,1,'2013-11-03 12:58:13','2012-12-18 02:09:50'),(449392794,1,4,4,'2018-01-25 15:40:52','2014-11-18 18:45:25'),(457170629,1,4,4,'2014-08-23 01:49:48','2017-03-16 14:49:25'),(460314867,0,1,1,'2014-06-12 17:47:16','2010-11-27 00:22:44'),(461857567,0,1,1,'2014-02-12 15:39:40','2015-08-31 21:26:13'),(463244657,1,4,4,'2012-08-14 01:58:57','2017-04-21 09:08:17'),(472414549,1,4,4,'2018-12-09 00:27:23','2018-05-11 02:20:14'),(483368056,0,3,3,'2017-11-20 19:25:03','2010-03-12 08:45:59'),(513999631,1,2,2,'2014-01-02 17:05:20','2012-04-17 11:15:34'),(519099287,1,4,4,'2009-09-15 06:17:40','2010-04-12 15:52:37'),(519855068,0,3,3,'2012-03-14 20:09:08','2010-05-19 13:23:53'),(533306031,0,1,1,'2016-11-16 19:42:57','2011-03-22 18:17:25'),(534716501,0,3,3,'2017-01-30 14:47:04','2013-04-29 07:02:21'),(539273805,1,2,2,'2018-02-10 22:24:12','2014-06-05 08:01:13'),(539911644,1,2,2,'2015-11-20 22:59:25','2012-03-17 06:51:50'),(562843292,1,4,4,'2016-07-24 02:58:19','2018-01-01 03:29:04'),(581240835,1,2,2,'2017-09-29 02:31:36','2015-02-26 04:39:13'),(583835491,1,2,2,'2010-01-28 01:02:47','2012-03-16 07:27:45'),(588234294,1,4,4,'2010-03-17 09:41:09','2010-02-01 08:16:58'),(588490987,1,4,4,'2013-08-01 04:10:14','2013-06-27 21:24:04'),(608300661,1,4,4,'2010-06-30 11:29:10','2010-01-12 08:48:14'),(615176781,0,1,1,'2011-12-14 18:15:54','2013-07-09 00:59:10'),(619019508,0,3,3,'2009-03-09 04:37:25','2012-06-20 11:32:17'),(635148372,1,2,2,'2011-09-23 01:13:53','2017-07-19 14:21:10'),(642599617,1,4,4,'2016-07-20 19:44:53','2009-05-06 23:23:15'),(656623824,0,3,3,'2013-03-04 09:25:29','2012-12-26 15:40:23'),(661121905,0,3,3,'2018-03-28 10:44:37','2009-03-28 11:33:25'),(670410745,1,2,2,'2015-08-27 19:56:58','2017-06-01 11:59:54'),(671533842,1,2,2,'2011-10-17 22:08:28','2018-05-15 22:46:24'),(701007981,0,1,1,'2012-03-19 06:39:47','2014-05-06 04:51:23'),(715303459,1,4,4,'2013-07-16 10:35:47','2009-12-31 03:03:38'),(715705539,0,1,1,'2010-04-28 02:52:02','2016-08-19 21:42:33'),(725777262,0,3,3,'2014-09-06 05:22:08','2010-05-24 04:29:39'),(750220519,1,2,2,'2015-03-23 11:37:19','2015-11-07 21:14:52'),(762854610,0,1,1,'2017-10-21 11:24:35','2009-11-21 04:59:43'),(764374344,0,1,1,'2014-05-02 13:11:24','2018-11-01 03:24:55'),(788287639,1,4,4,'2012-08-16 22:56:41','2014-08-10 21:16:30'),(788635951,0,1,1,'2014-06-27 15:33:43','2014-02-17 16:46:23'),(790241103,0,3,3,'2017-06-04 00:50:54','2018-07-08 17:35:53'),(791649734,1,2,2,'2010-03-23 11:54:27','2017-06-20 15:46:52'),(792383549,0,1,1,'2014-01-08 04:58:37','2012-11-29 18:39:33'),(797306453,1,2,2,'2018-12-31 01:49:22','2018-01-22 12:57:29'),(800426157,0,3,3,'2009-10-03 04:02:21','2010-04-16 09:09:54'),(843939620,1,2,2,'2015-02-11 16:57:47','2017-01-28 20:51:43'),(844743047,0,1,1,'2015-10-11 00:59:10','2017-03-22 21:59:07'),(847680386,0,1,1,'2017-12-30 21:46:42','2016-12-05 14:41:54'),(866336837,0,1,1,'2016-09-05 08:54:18','2009-12-22 09:40:47'),(875390445,0,1,1,'2018-06-05 03:23:02','2018-12-14 16:01:08'),(878920693,0,1,1,'2009-04-02 05:33:29','2012-10-28 06:25:45'),(905715363,1,4,4,'2018-04-08 10:44:40','2011-12-25 22:37:50'),(926506015,1,4,4,'2014-06-11 10:22:05','2013-01-22 20:26:33'),(933415614,0,1,1,'2018-07-31 13:53:27','2011-10-09 09:34:43'),(940722960,0,1,1,'2015-02-16 14:50:05','2011-09-17 20:07:30'),(941876435,0,3,3,'2012-05-29 19:08:54','2016-06-09 01:14:22'),(942460080,1,4,4,'2017-10-09 09:54:58','2011-02-10 09:31:09'),(944841352,0,1,1,'2014-04-27 05:19:11','2015-09-03 03:02:50'),(948408919,0,3,3,'2015-05-15 05:50:14','2010-04-22 16:47:28'),(956808240,1,4,4,'2010-11-23 00:56:37','2010-10-22 12:52:53'),(972062335,1,2,2,'2011-08-21 06:43:35','2009-04-03 13:01:10'),(972337521,1,2,2,'2014-07-01 13:03:11','2011-10-01 23:00:19'),(972919450,0,3,3,'2018-02-25 18:30:31','2017-06-14 03:51:15'),(974627663,0,1,1,'2012-03-25 23:39:00','2013-03-22 06:42:59'),(975056466,1,4,4,'2011-12-02 11:37:06','2018-01-04 17:14:22'),(980024731,0,3,3,'2011-06-08 23:02:03','2010-05-23 12:09:41'),(983163973,0,3,3,'2016-07-10 13:21:37','2011-06-17 07:20:56');
/*!40000 ALTER TABLE `host` ENABLE KEYS */;
UNLOCK TABLES;

--
-- Table structure for table `itinerary`
--

DROP TABLE IF EXISTS `itinerary`;
/*!40101 SET @saved_cs_client     = @@character_set_client */;
 SET character_set_client = utf8mb4 ;
CREATE TABLE `itinerary` (
  `itinerary_id` int(11) NOT NULL,
  `customer_id` varchar(45) NOT NULL,
  `country` varchar(45) DEFAULT NULL,
  `city` varchar(45) DEFAULT NULL,
  `start_date` datetime DEFAULT NULL,
  `end_date` datetime DEFAULT NULL,
  `property_id` varchar(45) DEFAULT NULL,
  `customer_mst_customer_id` int(11) NOT NULL,
  `created_date` datetime DEFAULT NULL,
  `modified_date` datetime DEFAULT NULL,
  PRIMARY KEY (`itinerary_id`),
  KEY `fk_travel_itinerary_customer_mst1_idx` (`customer_mst_customer_id`),
  CONSTRAINT `fk_travel_itinerary_customer_mst1` FOREIGN KEY (`customer_mst_customer_id`) REFERENCES `customer` (`customer_id`)
) ENGINE=InnoDB DEFAULT CHARSET=utf8;
/*!40101 SET character_set_client = @saved_cs_client */;

--
-- Dumping data for table `itinerary`
--

LOCK TABLES `itinerary` WRITE;
/*!40000 ALTER TABLE `itinerary` DISABLE KEYS */;
INSERT INTO `itinerary` VALUES (22533343,'207035437','New Caledonia','Spokane','2011-08-05 02:06:00','2014-07-27 07:33:00','25606534',207035437,'2014-03-04 00:44:00','2012-12-19 11:09:00'),(37393725,'87065496','?land Islands','Sioux City','2011-05-05 04:36:00','2009-06-22 22:53:00','572566040',87065496,'2017-03-18 06:07:00','2014-10-04 14:54:00'),(43925551,'797306453','Moldova','Columbia','2014-04-17 23:16:00','2012-04-26 00:29:00','654819259',797306453,'2018-12-31 01:49:00','2018-01-22 12:57:00'),(50238021,'460314867','Iran','Salt Lake City','2009-10-14 06:10:00','2014-05-25 20:41:00','571021344',460314867,'2014-06-12 17:47:00','2010-11-27 00:22:00'),(63360309,'172604142','Liberia','Flint','2011-11-01 03:01:00','2013-11-08 02:54:00','416948099',172604142,'2018-09-30 12:02:00','2015-04-18 08:22:00'),(73455016,'788635951','British Indian Ocean Territory','Kaneohe','2018-03-14 11:23:00','2015-02-28 09:30:00','451241012',788635951,'2014-06-27 15:33:00','2014-02-17 16:46:00'),(90507351,'983163973','Chile','Cambridge','2014-03-15 09:42:00','2015-11-13 07:56:00','372714618',983163973,'2016-07-10 13:21:00','2011-06-17 07:20:00'),(91569152,'103329173','Kuwait','Colorado Springs','2018-01-12 17:00:00','2015-04-26 06:33:00','485135701',103329173,'2016-10-24 07:47:00','2014-12-10 14:12:00'),(126800994,'635148372','Cuba','Worcester','2010-10-28 17:39:00','2012-06-23 08:20:00','76303197',635148372,'2011-09-23 01:13:00','2017-07-19 14:21:00'),(154724355,'750220519','Namibia','Seattle','2014-08-26 10:52:00','2010-07-31 09:10:00','130956469',750220519,'2015-03-23 11:37:00','2015-11-07 21:14:00'),(154787832,'844743047','Comoros','Wichita','2010-08-07 22:23:00','2018-10-12 18:53:00','232898767',844743047,'2015-10-11 00:59:00','2017-03-22 21:59:00'),(160673224,'276669801','Virgin Islands, United States','Lakewood','2013-03-01 07:20:00','2009-05-04 17:25:00','485245252',276669801,'2014-03-19 09:14:00','2011-03-09 21:20:00'),(162763155,'217561554','Afghanistan','Racine','2010-07-18 15:07:00','2010-08-17 01:25:00','948387071',217561554,'2016-01-14 17:44:00','2009-12-16 13:54:00'),(171913866,'213252562','Armenia','Kailua','2016-02-18 10:33:00','2012-08-29 23:43:00','262072093',213252562,'2010-03-05 17:35:00','2014-02-27 13:25:00'),(191619683,'149485245','Brazil','New Haven','2013-09-25 04:04:00','2018-07-17 08:32:00','666721931',149485245,'2011-06-13 04:34:00','2013-03-30 08:43:00'),(198816654,'449392794','Lebanon','Bear','2011-06-08 03:51:00','2014-03-18 21:42:00','721320166',449392794,'2018-01-25 15:40:00','2014-11-18 18:45:00'),(201552080,'941876435','Micronesia','Savannah','2016-01-13 23:17:00','2015-05-31 04:21:00','427470422',941876435,'2012-05-29 19:08:00','2016-06-09 01:14:00'),(210831855,'562843292','Grenada','Springfield','2013-06-22 20:27:00','2019-01-15 22:43:00','448802264',562843292,'2016-07-24 02:58:00','2018-01-01 03:29:00'),(220111264,'350512901','Central African Republic','Olympia','2017-06-02 07:25:00','2015-07-01 18:56:00','501326102',350512901,'2017-01-26 10:50:00','2013-01-28 19:57:00'),(221989221,'588234294','United States','Columbia','2009-07-16 13:52:00','2014-02-12 01:08:00','591754296',588234294,'2010-03-17 09:41:00','2010-02-01 08:16:00'),(230076614,'972062335','Israel','South Portland','2013-06-06 21:17:00','2012-04-26 13:20:00','666605027',972062335,'2011-08-21 06:43:00','2009-04-03 13:01:00'),(252711338,'715303459','Tokelau','Southaven','2013-06-13 18:34:00','2010-05-14 03:18:00','276610664',715303459,'2013-07-16 10:35:00','2009-12-31 03:03:00'),(258211564,'905715363','Burundi','Great Falls','2018-04-26 18:57:00','2013-11-02 06:31:00','884283144',905715363,'2018-04-08 10:44:00','2011-12-25 22:37:00'),(261541254,'608300661','New Caledonia','Billings','2015-11-21 16:52:00','2017-09-05 04:19:00','225097989',608300661,'2010-06-30 11:29:00','2010-01-12 08:48:00'),(262512270,'791649734','South Sudan','Saint Louis','2011-02-07 07:04:00','2013-07-30 09:45:00','178594669',791649734,'2010-03-23 11:54:00','2017-06-20 15:46:00'),(262738875,'980024731','Iceland','Omaha','2018-11-18 01:17:00','2014-05-01 09:07:00','221333156',980024731,'2011-06-08 23:02:00','2010-05-23 12:09:00'),(265913764,'438865396','New Caledonia','Fort Wayne','2015-07-18 14:06:00','2011-03-21 03:09:00','827386764',438865396,'2012-12-03 13:02:00','2017-05-02 15:03:00'),(270324833,'661121905','Honduras','Tampa','2011-04-02 23:42:00','2012-07-26 05:42:00','107021008',661121905,'2018-03-28 10:44:00','2009-03-28 11:33:00'),(285199220,'318445434','Romania','Pike Creek','2009-06-15 12:33:00','2013-11-23 23:59:00','800403974',318445434,'2013-09-28 04:16:00','2013-09-18 03:54:00'),(290975465,'82487356','Swaziland','Cheyenne','2015-04-13 21:35:00','2014-05-05 11:12:00','716646534',82487356,'2018-10-09 04:55:00','2015-05-29 14:23:00'),(302743406,'519099287','United Kingdom (Great Britain)','Minneapolis','2012-10-27 12:06:00','2011-11-01 04:35:00','289018012',519099287,'2009-09-15 06:17:00','2010-04-12 15:52:00'),(327284188,'725777262','Qatar','Vancouver','2018-12-03 23:58:00','2013-04-04 05:07:00','172426991',725777262,'2014-09-06 05:22:00','2010-05-24 04:29:00'),(330246745,'847680386','Liberia','Omaha','2016-02-23 00:24:00','2013-03-12 13:07:00','827630674',847680386,'2017-12-30 21:46:00','2016-12-05 14:41:00'),(346663040,'975056466','Bulgaria','Nampa','2015-09-24 02:06:00','2015-07-22 15:48:00','818950511',975056466,'2011-12-02 11:37:00','2018-01-04 17:14:00'),(373822204,'279492466','Hong Kong','Las Vegas','2014-10-07 12:09:00','2015-11-26 15:08:00','506521954',279492466,'2016-08-20 19:25:00','2009-07-01 12:09:00'),(376309985,'948408919','Slovenia','Seattle','2015-12-24 04:38:00','2009-04-21 12:46:00','452970023',948408919,'2015-05-15 05:50:00','2010-04-22 16:47:00'),(380310417,'642599617','United Kingdom (Great Britain)','Overland Park','2016-11-07 17:15:00','2011-04-03 00:56:00','306118837',642599617,'2016-07-20 19:44:00','2009-05-06 23:23:00'),(382227346,'104441936','Laos','Lansing','2011-06-27 13:53:00','2018-01-14 13:30:00','750945883',104441936,'2012-02-15 08:00:00','2014-05-10 20:28:00'),(409585502,'974627663','Cayman Islands','Duluth','2017-01-10 05:46:00','2013-05-26 17:56:00','876409749',974627663,'2012-03-25 23:39:00','2013-03-22 06:42:00'),(462036138,'875390445','Guam','Grand Island','2011-06-28 12:23:00','2016-07-28 21:07:00','759620750',875390445,'2018-06-05 03:23:00','2018-12-14 16:01:00'),(467629036,'671533842','Cambodia','Auburn','2016-04-18 17:46:00','2010-05-24 00:07:00','636284432',671533842,'2011-10-17 22:08:00','2018-05-15 22:46:00'),(472179191,'341982908','Yemen','Des Moines','2012-09-03 05:10:00','2015-06-25 02:47:00','18608182',341982908,'2009-05-04 13:11:00','2012-02-24 06:01:00'),(473937084,'447087081','Cameroon','Colchester','2011-12-13 22:02:00','2016-12-15 01:16:00','689830651',447087081,'2013-11-03 12:58:00','2012-12-18 02:09:00'),(484602594,'323692483','Monaco','Rockville','2015-03-01 18:15:00','2014-03-19 18:46:00','46099545',323692483,'2010-03-11 08:24:00','2012-07-23 23:52:00'),(496298332,'275132462','Montenegro','Fairbanks','2010-02-10 07:16:00','2012-02-09 22:23:00','260721378',275132462,'2016-11-15 04:26:00','2010-06-08 22:23:00'),(505846675,'581240835','Afghanistan','Portland','2012-09-13 19:11:00','2010-06-17 10:04:00','999057490',581240835,'2017-09-29 02:31:00','2015-02-26 04:39:00'),(511362279,'878920693','Turkey','Kaneohe','2014-01-11 03:56:00','2009-08-21 19:15:00','119819910',878920693,'2009-04-02 05:33:00','2012-10-28 06:25:00'),(511776460,'926506015','Ghana','Aurora','2015-03-01 15:27:00','2017-11-15 09:37:00','33411984',926506015,'2014-06-11 10:22:00','2013-01-22 20:26:00'),(513085217,'483368056','Yemen','Cedar Rapids','2012-05-07 20:39:00','2009-06-24 01:09:00','284280088',483368056,'2017-11-20 19:25:00','2010-03-12 08:45:00'),(535690945,'402516637','Denmark','Rockville','2015-05-10 20:14:00','2015-08-01 08:14:00','261189658',402516637,'2017-12-02 03:19:00','2016-04-21 07:06:00'),(539033217,'762854610','Hong Kong','Rockford','2011-06-20 22:02:00','2012-11-18 00:56:00','489678110',762854610,'2017-10-21 11:24:00','2009-11-21 04:59:00'),(540601630,'670410745','Cayman Islands','Frankfort','2010-10-18 18:56:00','2013-12-18 11:46:00','152560355',670410745,'2015-08-27 19:56:00','2017-06-01 11:59:00'),(542615471,'195393863','Guadeloupe','Dover','2017-09-15 07:15:00','2011-10-08 21:35:00','864550223',195393863,'2012-09-19 23:29:00','2017-05-06 05:53:00'),(546318791,'457170629','Nauru','Fort Worth','2016-09-22 22:29:00','2009-05-28 06:52:00','744910845',457170629,'2014-08-23 01:49:00','2017-03-16 14:49:00'),(549963320,'701007981','Congo (Brazzaville)','Salem','2016-06-11 20:48:00','2016-09-24 01:29:00','657182655',701007981,'2012-03-19 06:39:00','2014-05-06 04:51:00'),(558154787,'539911644','Sweden','Rock Springs','2019-02-18 00:40:00','2016-09-28 11:39:00','635488711',539911644,'2015-11-20 22:59:00','2012-03-17 06:51:00'),(572570240,'534716501','Nepal','Pittsburgh','2016-06-09 16:37:00','2013-01-28 02:52:00','399968338',534716501,'2017-01-30 14:47:00','2013-04-29 07:02:00'),(587150475,'800426157','Turkmenistan','Wichita','2013-10-29 11:36:00','2010-08-11 19:58:00','916955792',800426157,'2009-10-03 04:02:00','2010-04-16 09:09:00'),(592217889,'866336837','Italy','Virginia Beach','2017-06-26 02:42:00','2015-07-15 03:47:00','554651166',866336837,'2016-09-05 08:54:00','2009-12-22 09:40:00'),(596313312,'615176781','Afghanistan','Cedar Rapids','2018-09-02 06:43:00','2015-02-23 11:45:00','925835605',615176781,'2011-12-14 18:15:00','2013-07-09 00:59:00'),(598727220,'472414549','Peru','West Valley City','2012-03-01 16:04:00','2012-11-06 19:31:00','164523151',472414549,'2018-12-09 00:27:00','2018-05-11 02:20:00'),(606513091,'792383549','Belarus','Meridian','2012-12-01 09:33:00','2018-03-26 21:29:00','39192117',792383549,'2014-01-08 04:58:00','2012-11-29 18:39:00'),(608955662,'425160090','Tanzania','Chandler','2012-09-04 20:05:00','2013-01-12 01:21:00','140428855',425160090,'2010-04-21 00:35:00','2011-07-17 23:05:00'),(635241177,'50857184','Hong Kong','Saint Louis','2015-08-23 01:56:00','2013-08-28 13:37:00','174038588',50857184,'2010-01-05 03:28:00','2011-12-28 02:42:00'),(645048869,'80521008','Uruguay','West Valley City','2018-09-24 07:17:00','2012-02-02 15:05:00','147859995',80521008,'2014-11-26 11:33:00','2010-08-02 11:45:00'),(650890783,'268548575','Mongolia','West Jordan','2012-10-15 02:12:00','2016-11-08 20:06:00','66468497',268548575,'2011-04-22 18:36:00','2017-10-27 15:29:00'),(655000420,'116608332','New Zealand','Gary','2011-06-21 18:46:00','2014-06-17 00:20:00','237919246',116608332,'2011-06-19 08:01:00','2016-11-26 22:11:00'),(672521176,'357395029','C?te D\'Ivoire (Ivory Coast)','Casper','2011-06-25 16:56:00','2017-09-21 14:00:00','357802768',357395029,'2013-12-25 19:27:00','2011-12-14 13:32:00'),(673761565,'435290531','Saint Kitts and Nevis','Wichita','2013-06-23 04:21:00','2018-10-23 06:15:00','558531257',435290531,'2018-10-12 14:16:00','2012-02-15 17:46:00'),(683454144,'241269950','San Marino','Allentown','2015-05-17 09:37:00','2011-07-21 12:16:00','555573765',241269950,'2018-11-02 06:42:00','2012-05-01 19:22:00'),(685898744,'788287639','Ghana','Aurora','2012-01-19 16:27:00','2011-10-11 18:03:00','629957960',788287639,'2012-08-16 22:56:00','2014-08-10 21:16:00'),(686604919,'933415614','Jordan','Nashville','2017-05-11 04:00:00','2010-09-02 17:20:00','964221550',933415614,'2018-07-31 13:53:00','2011-10-09 09:34:00'),(697876589,'176626125','C?te D\'Ivoire (Ivory Coast)','Lakewood','2018-06-06 22:01:00','2015-02-13 04:55:00','135032860',176626125,'2010-04-11 01:12:00','2015-01-12 09:59:00'),(703354985,'715705539','Myanmar','Kaneohe','2014-08-27 12:26:00','2012-07-12 02:55:00','155891468',715705539,'2010-04-28 02:52:00','2016-08-19 21:42:00'),(716014881,'790241103','Slovenia','Frankfort','2018-03-07 22:05:00','2016-08-02 23:58:00','774736201',790241103,'2017-06-04 00:50:00','2018-07-08 17:35:00'),(720893742,'461857567','Armenia','Philadelphia','2009-11-02 06:56:00','2017-07-01 08:02:00','351607908',461857567,'2014-02-12 15:39:00','2015-08-31 21:26:00'),(725556898,'539273805','Croatia','Hilo','2010-06-24 12:53:00','2019-01-24 01:45:00','167940279',539273805,'2018-02-10 22:24:00','2014-06-05 08:01:00'),(735198392,'944841352','Malaysia','San Francisco','2014-07-16 12:57:00','2014-07-18 03:07:00','60728953',944841352,'2014-04-27 05:19:00','2015-09-03 03:02:00'),(751269226,'350796579','Ethiopia','Chattanooga','2013-01-20 00:05:00','2010-02-20 11:24:00','155261076',350796579,'2016-04-21 21:54:00','2011-05-04 23:09:00'),(766282131,'764374344','Libya','Chandler','2012-08-19 11:16:00','2009-11-25 21:25:00','615833274',764374344,'2014-05-02 13:11:00','2018-11-01 03:24:00'),(782665079,'533306031','Iraq','Baltimore','2010-11-08 06:03:00','2013-11-01 12:03:00','435259551',533306031,'2016-11-16 19:42:00','2011-03-22 18:17:00'),(786661371,'150945608','Wallis and Futuna','Dallas','2014-06-12 14:45:00','2010-04-13 21:03:00','143795706',150945608,'2013-11-28 10:12:00','2009-10-11 11:55:00'),(788923217,'619019508','Northern Mariana Islands','Independence','2018-08-13 22:18:00','2015-07-24 04:27:00','316116755',619019508,'2009-03-09 04:37:00','2012-06-20 11:32:00'),(800254369,'463244657','Burundi','Sterling Heights','2017-09-14 22:04:00','2017-02-19 12:41:00','890335748',463244657,'2012-08-14 01:58:00','2017-04-21 09:08:00'),(810386342,'843939620','Norfolk Island','Tulsa','2018-01-22 13:47:00','2015-10-29 11:38:00','971358395',843939620,'2015-02-11 16:57:00','2017-01-28 20:51:00'),(825492986,'519855068','Sudan','Montgomery','2014-05-14 11:57:00','2014-12-24 12:01:00','832883748',519855068,'2012-03-14 20:09:00','2010-05-19 13:23:00'),(828418426,'513999631','Rwanda','Essex','2012-02-16 23:05:00','2016-12-13 23:17:00','997525167',513999631,'2014-01-02 17:05:00','2012-04-17 11:15:00'),(841053291,'326364171','Mongolia','Provo','2012-07-23 13:05:00','2016-03-14 05:31:00','419962147',326364171,'2012-04-03 23:45:00','2016-05-29 10:35:00'),(860162650,'299072017','Taiwan','Miami','2016-07-27 07:22:00','2013-06-23 14:15:00','9925272',299072017,'2014-06-11 19:43:00','2014-04-09 12:20:00'),(863413068,'972919450','Israel','Tulsa','2016-11-12 14:59:00','2015-06-27 22:54:00','676094394',972919450,'2018-02-25 18:30:00','2017-06-14 03:51:00'),(875833394,'940722960','Guyana','Boston','2011-06-23 04:50:00','2018-02-03 15:53:00','515018075',940722960,'2015-02-16 14:50:00','2011-09-17 20:07:00'),(887785640,'656623824','San Marino','Los Angeles','2014-05-22 16:29:00','2009-05-28 03:52:00','231773706',656623824,'2013-03-04 09:25:00','2012-12-26 15:40:00'),(896906641,'283151223','Guinea','Jefferson City','2009-03-17 21:49:00','2015-07-30 04:45:00','160253845',283151223,'2013-02-04 14:16:00','2016-01-12 08:29:00'),(911009843,'956808240','Tuvalu','New Orleans','2018-09-01 12:44:00','2013-08-16 17:22:00','991298001',956808240,'2010-11-23 00:56:00','2010-10-22 12:52:00'),(918654971,'588490987','Guernsey','Frankfort','2013-07-28 01:06:00','2012-06-09 14:36:00','561686056',588490987,'2013-08-01 04:10:00','2013-06-27 21:24:00'),(920270584,'942460080','Saint Pierre and Miquelon','Biloxi','2013-08-18 02:05:00','2011-02-10 21:52:00','310368188',942460080,'2017-10-09 09:54:00','2011-02-10 09:31:00'),(937279503,'331421131','South Africa','Little Rock','2012-07-19 23:07:00','2018-08-19 00:37:00','525569430',331421131,'2011-11-03 10:04:00','2016-08-23 11:59:00'),(946030889,'972337521','Bonaire, Sint Eustatius and Saba','Bellevue','2011-11-29 19:14:00','2014-08-03 10:56:00','833934060',972337521,'2014-07-01 13:03:00','2011-10-01 23:00:00'),(975368358,'583835491','Uruguay','Anchorage','2012-03-22 12:04:00','2011-12-24 19:17:00','68658988',583835491,'2010-01-28 01:02:00','2012-03-16 07:27:00'),(991252883,'23210818','United States','Springfield','2017-04-30 10:01:00','2017-10-21 09:10:00','222132169',23210818,'2013-02-13 04:21:00','2013-10-07 05:58:00');
/*!40000 ALTER TABLE `itinerary` ENABLE KEYS */;
UNLOCK TABLES;
/*!50003 SET @saved_cs_client      = @@character_set_client */ ;
/*!50003 SET @saved_cs_results     = @@character_set_results */ ;
/*!50003 SET @saved_col_connection = @@collation_connection */ ;
/*!50003 SET character_set_client  = utf8mb4 */ ;
/*!50003 SET character_set_results = utf8mb4 */ ;
/*!50003 SET collation_connection  = utf8mb4_0900_ai_ci */ ;
/*!50003 SET @saved_sql_mode       = @@sql_mode */ ;
/*!50003 SET sql_mode              = 'STRICT_TRANS_TABLES,NO_ENGINE_SUBSTITUTION' */ ;
DELIMITER ;;
/*!50003 CREATE*/ /*!50017 DEFINER=`root`@`localhost`*/ /*!50003 TRIGGER `updatecustomerid` AFTER UPDATE ON `itinerary` FOR EACH ROW IF old.customer_id <> new.customer_id then
INSERT INTO customer (customer_id) VALUES (new.customer_id);
END iF */;;
DELIMITER ;
/*!50003 SET sql_mode              = @saved_sql_mode */ ;
/*!50003 SET character_set_client  = @saved_cs_client */ ;
/*!50003 SET character_set_results = @saved_cs_results */ ;
/*!50003 SET collation_connection  = @saved_col_connection */ ;

--
-- Table structure for table `messages`
--

DROP TABLE IF EXISTS `messages`;
/*!40101 SET @saved_cs_client     = @@character_set_client */;
 SET character_set_client = utf8mb4 ;
CREATE TABLE `messages` (
  `message_datetime` datetime NOT NULL,
  `host_id` int(11) DEFAULT NULL,
  `customer_id` int(11) DEFAULT NULL,
  `sent_by_customer` tinyint(4) DEFAULT NULL,
  `message_content` varchar(500) DEFAULT NULL,
  KEY `customer_id_idx` (`customer_id`),
  CONSTRAINT `custmess_id` FOREIGN KEY (`customer_id`) REFERENCES `customer` (`customer_id`)
) ENGINE=InnoDB DEFAULT CHARSET=utf8;
/*!40101 SET character_set_client = @saved_cs_client */;

--
-- Dumping data for table `messages`
--

LOCK TABLES `messages` WRITE;
/*!40000 ALTER TABLE `messages` DISABLE KEYS */;
/*!40000 ALTER TABLE `messages` ENABLE KEYS */;
UNLOCK TABLES;

--
-- Table structure for table `payment_information`
--

DROP TABLE IF EXISTS `payment_information`;
/*!40101 SET @saved_cs_client     = @@character_set_client */;
 SET character_set_client = utf8mb4 ;
CREATE TABLE `payment_information` (
  `customer_id` int(11) NOT NULL,
  `primary_card_type` varchar(45) DEFAULT NULL,
  `primary_card_num` int(100) DEFAULT NULL,
  `secondary_card_type` varchar(45) DEFAULT NULL,
  `secondary_card_num` int(100) DEFAULT NULL,
  `giftcard_balance` float DEFAULT NULL,
  `created_date` datetime DEFAULT NULL,
  `modified_date` datetime DEFAULT NULL,
  PRIMARY KEY (`customer_id`),
  CONSTRAINT `cust_id` FOREIGN KEY (`customer_id`) REFERENCES `customer` (`customer_id`)
) ENGINE=InnoDB DEFAULT CHARSET=utf8;
/*!40101 SET character_set_client = @saved_cs_client */;

--
-- Dumping data for table `payment_information`
--

LOCK TABLES `payment_information` WRITE;
/*!40000 ALTER TABLE `payment_information` DISABLE KEYS */;
INSERT INTO `payment_information` VALUES (23210818,'MASTER CARD',1348943,'MASTER CARD',54236591,1,'2013-02-13 04:21:00','2013-10-07 05:58:00'),(50857184,'VISA',12345678,'VISA',26485239,13,'2010-01-05 03:28:00','2011-12-28 02:42:00'),(78941111,'VISA',1111,NULL,NULL,NULL,NULL,NULL),(80521008,'VISA',88881111,'VISA',26485239,19,'2014-11-26 11:33:00','2010-08-02 11:45:00'),(82487356,'AMERICAN EXPRESS',50346723,'DISCOVER',56971326,11,'2018-10-09 04:55:00','2015-05-29 14:23:00'),(87065496,'VISA',88881111,'DISCOVER',26485239,43,'2017-03-18 06:07:00','2014-10-04 14:54:00'),(103329173,'DISCOVER',96152364,'MASTER CARD',15486318,89,'2016-10-24 07:47:00','2014-12-10 14:12:00'),(104441936,'AMERICAN EXPRESS',12345678,'AMERICAN EXPRESS',15486318,43,'2012-02-15 08:00:00','2014-05-10 20:28:00'),(116608332,'VISA',1348943,'AMERICAN EXPRESS',26485239,53,'2011-06-19 08:01:00','2016-11-26 22:11:00'),(149485245,'AMERICAN EXPRESS',96152364,'AMERICAN EXPRESS',15486318,47,'2011-06-13 04:34:00','2013-03-30 08:43:00'),(150945608,'MASTER CARD',12345678,'MASTER CARD',15486318,41,'2013-11-28 10:12:00','2009-10-11 11:55:00'),(172604142,'MASTER CARD',1348943,'DISCOVER',26485239,1,'2018-09-30 12:02:00','2015-04-18 08:22:00'),(176626125,'MASTER CARD',1348943,'MASTER CARD',26485239,31,'2010-04-11 01:12:00','2015-01-12 09:59:00'),(195393863,'VISA',50346723,'MASTER CARD',56971326,89,'2012-09-19 23:29:00','2017-05-06 05:53:00'),(207035437,'DISCOVER',88881111,'VISA',26485239,37,'2014-03-04 00:44:00','2012-12-19 11:09:00'),(213252562,'MASTER CARD',88881111,'MASTER CARD',54236591,17,'2010-03-05 17:35:00','2014-02-27 13:25:00'),(217561554,'VISA',50346723,'MASTER CARD',54236591,83,'2016-01-14 17:44:00','2009-12-16 13:54:00'),(241269950,'DISCOVER',50346723,'MASTER CARD',54236591,89,'2018-11-02 06:42:00','2012-05-01 19:22:00'),(268548575,'AMERICAN EXPRESS',88881111,'VISA',26485239,37,'2011-04-22 18:36:00','2017-10-27 15:29:00'),(275132462,'DISCOVER',96152364,'MASTER CARD',15486318,41,'2016-11-15 04:26:00','2010-06-08 22:23:00'),(276669801,'DISCOVER',50346723,'VISA',54236591,5,'2014-03-19 09:14:00','2011-03-09 21:20:00'),(279492466,'VISA',1348943,'VISA',54236591,47,'2016-08-20 19:25:00','2009-07-01 12:09:00'),(283151223,'MASTER CARD',96152364,'AMERICAN EXPRESS',56971326,7,'2013-02-04 14:16:00','2016-01-12 08:29:00'),(299072017,'VISA',88881111,'MASTER CARD',54236591,17,'2014-06-11 19:43:00','2014-04-09 12:20:00'),(318445434,'MASTER CARD',96152364,'DISCOVER',56971326,5,'2013-09-28 04:16:00','2013-09-18 03:54:00'),(323692483,'MASTER CARD',12345678,'VISA',15486318,79,'2010-03-11 08:24:00','2012-07-23 23:52:00'),(326364171,'MASTER CARD',96152364,'VISA',15486318,83,'2012-04-03 23:45:00','2016-05-29 10:35:00'),(341982908,'VISA',88881111,'MASTER CARD',54236591,11,'2009-05-04 13:11:00','2012-02-24 06:01:00'),(350512901,'AMERICAN EXPRESS',88881111,'DISCOVER',54236591,2,'2017-01-26 10:50:00','2013-01-28 19:57:00'),(350796579,'MASTER CARD',88881111,'MASTER CARD',26485239,53,'2016-04-21 21:54:00','2011-05-04 23:09:00'),(357395029,'VISA',12345678,'DISCOVER',26485239,59,'2013-12-25 19:27:00','2011-12-14 13:32:00'),(402516637,'MASTER CARD',1348943,'DISCOVER',54236591,11,'2017-12-02 03:19:00','2016-04-21 07:06:00'),(425160090,'MASTER CARD',12345678,'MASTER CARD',26485239,31,'2010-04-21 00:35:00','2011-07-17 23:05:00'),(435290531,'AMERICAN EXPRESS',50346723,'VISA',56971326,47,'2018-10-12 14:16:00','2012-02-15 17:46:00'),(438865396,'MASTER CARD',50346723,'MASTER CARD',56971326,47,'2012-12-03 13:02:00','2017-05-02 15:03:00'),(447087081,'DISCOVER',12345678,'VISA',26485239,47,'2013-11-03 12:58:00','2012-12-18 02:09:00'),(449392794,'MASTER CARD',50346723,'DISCOVER',54236591,61,'2018-01-25 15:40:00','2014-11-18 18:45:00'),(457170629,'DISCOVER',50346723,'DISCOVER',56971326,89,'2014-08-23 01:49:00','2017-03-16 14:49:00'),(460314867,'DISCOVER',50346723,'VISA',56971326,61,'2014-06-12 17:47:00','2010-11-27 00:22:00'),(461857567,'VISA',50346723,'MASTER CARD',54236591,89,'2014-02-12 15:39:00','2015-08-31 21:26:00'),(463244657,'MASTER CARD',50346723,'MASTER CARD',56971326,83,'2012-08-14 01:58:00','2017-04-21 09:08:00'),(472414549,'MASTER CARD',96152364,'DISCOVER',15486318,67,'2018-12-09 00:27:00','2018-05-11 02:20:00'),(483368056,'VISA',96152364,'AMERICAN EXPRESS',56971326,61,'2017-11-20 19:25:00','2010-03-12 08:45:00'),(513999631,'DISCOVER',12345678,'AMERICAN EXPRESS',15486318,83,'2014-01-02 17:05:00','2012-04-17 11:15:00'),(519099287,'DISCOVER',1348943,'VISA',26485239,31,'2009-09-15 06:17:00','2010-04-12 15:52:00'),(519855068,'DISCOVER',12345678,'DISCOVER',26485239,2,'2012-03-14 20:09:00','2010-05-19 13:23:00'),(533306031,'DISCOVER',88881111,'AMERICAN EXPRESS',26485239,3,'2016-11-16 19:42:00','2011-03-22 18:17:00'),(534716501,'DISCOVER',1348943,'DISCOVER',26485239,5,'2017-01-30 14:47:00','2013-04-29 07:02:00'),(539273805,'VISA',12345678,'DISCOVER',15486318,19,'2018-02-10 22:24:00','2014-06-05 08:01:00'),(539911644,'DISCOVER',50346723,'DISCOVER',54236591,1,'2015-11-20 22:59:00','2012-03-17 06:51:00'),(562843292,'VISA',96152364,'AMERICAN EXPRESS',56971326,23,'2016-07-24 02:58:00','2018-01-01 03:29:00'),(581240835,'MASTER CARD',1348943,'VISA',26485239,47,'2017-09-29 02:31:00','2015-02-26 04:39:00'),(583835491,'VISA',50346723,'VISA',56971326,89,'2010-01-28 01:02:00','2012-03-16 07:27:00'),(588234294,'VISA',1348943,'DISCOVER',26485239,5,'2010-03-17 09:41:00','2010-02-01 08:16:00'),(588490987,'MASTER CARD',12345678,'MASTER CARD',26485239,73,'2013-08-01 04:10:00','2013-06-27 21:24:00'),(608300661,'VISA',88881111,'VISA',54236591,97,'2010-06-30 11:29:00','2010-01-12 08:48:00'),(615176781,'VISA',12345678,'DISCOVER',15486318,83,'2011-12-14 18:15:00','2013-07-09 00:59:00'),(619019508,'DISCOVER',96152364,'DISCOVER',15486318,59,'2009-03-09 04:37:00','2012-06-20 11:32:00'),(635148372,'MASTER CARD',12345678,'DISCOVER',15486318,41,'2011-09-23 01:13:00','2017-07-19 14:21:00'),(642599617,'DISCOVER',96152364,'AMERICAN EXPRESS',56971326,53,'2016-07-20 19:44:00','2009-05-06 23:23:00'),(656623824,'MASTER CARD',88881111,'MASTER CARD',26485239,7,'2013-03-04 09:25:00','2012-12-26 15:40:00'),(661121905,'VISA',50346723,'DISCOVER',54236591,1,'2018-03-28 10:44:00','2009-03-28 11:33:00'),(670410745,'VISA',1348943,'MASTER CARD',54236591,59,'2015-08-27 19:56:00','2017-06-01 11:59:00'),(671533842,'DISCOVER',96152364,'DISCOVER',56971326,5,'2011-10-17 22:08:00','2018-05-15 22:46:00'),(701007981,'VISA',50346723,'VISA',54236591,31,'2012-03-19 06:39:00','2014-05-06 04:51:00'),(715303459,'AMERICAN EXPRESS',96152364,'DISCOVER',56971326,83,'2013-07-16 10:35:00','2009-12-31 03:03:00'),(715705539,'MASTER CARD',88881111,'AMERICAN EXPRESS',54236591,67,'2010-04-28 02:52:00','2016-08-19 21:42:00'),(725777262,'DISCOVER',1348943,'MASTER CARD',54236591,83,'2014-09-06 05:22:00','2010-05-24 04:29:00'),(750220519,'DISCOVER',1348943,'VISA',54236591,11,'2015-03-23 11:37:00','2015-11-07 21:14:00'),(762854610,'DISCOVER',1348943,'MASTER CARD',54236591,53,'2017-10-21 11:24:00','2009-11-21 04:59:00'),(764374344,'VISA',1348943,'MASTER CARD',26485239,19,'2014-05-02 13:11:00','2018-11-01 03:24:00'),(788287639,'VISA',50346723,'VISA',54236591,7,'2012-08-16 22:56:00','2014-08-10 21:16:00'),(788635951,'MASTER CARD',12345678,'DISCOVER',15486318,31,'2014-06-27 15:33:00','2014-02-17 16:46:00'),(790241103,'VISA',88881111,'AMERICAN EXPRESS',54236591,37,'2017-06-04 00:50:00','2018-07-08 17:35:00'),(791649734,'MASTER CARD',50346723,'AMERICAN EXPRESS',54236591,53,'2010-03-23 11:54:00','2017-06-20 15:46:00'),(792383549,'AMERICAN EXPRESS',96152364,'VISA',56971326,7,'2014-01-08 04:58:00','2012-11-29 18:39:00'),(797306453,'MASTER CARD',88881111,'VISA',54236591,23,'2018-12-31 01:49:00','2018-01-22 12:57:00'),(800426157,'VISA',50346723,'MASTER CARD',56971326,47,'2009-10-03 04:02:00','2010-04-16 09:09:00'),(843939620,'MASTER CARD',12345678,'VISA',26485239,73,'2015-02-11 16:57:00','2017-01-28 20:51:00'),(844743047,'MASTER CARD',1348943,'VISA',54236591,17,'2015-10-11 00:59:00','2017-03-22 21:59:00'),(847680386,'DISCOVER',96152364,'VISA',15486318,79,'2017-12-30 21:46:00','2016-12-05 14:41:00'),(866336837,'AMERICAN EXPRESS',96152364,'MASTER CARD',56971326,23,'2016-09-05 08:54:00','2009-12-22 09:40:00'),(875390445,'VISA',88881111,'DISCOVER',26485239,37,'2018-06-05 03:23:00','2018-12-14 16:01:00'),(878920693,'MASTER CARD',96152364,'DISCOVER',15486318,59,'2009-04-02 05:33:00','2012-10-28 06:25:00'),(905715363,'MASTER CARD',88881111,'MASTER CARD',26485239,37,'2018-04-08 10:44:00','2011-12-25 22:37:00'),(926506015,'AMERICAN EXPRESS',1348943,'VISA',54236591,41,'2014-06-11 10:22:00','2013-01-22 20:26:00'),(933415614,'MASTER CARD',12345678,'MASTER CARD',15486318,11,'2018-07-31 13:53:00','2011-10-09 09:34:00'),(940722960,'VISA',1348943,'VISA',54236591,17,'2015-02-16 14:50:00','2011-09-17 20:07:00'),(941876435,'MASTER CARD',88881111,'VISA',26485239,31,'2012-05-29 19:08:00','2016-06-09 01:14:00'),(942460080,'AMERICAN EXPRESS',88881111,'DISCOVER',54236591,1,'2017-10-09 09:54:00','2011-02-10 09:31:00'),(944841352,'VISA',96152364,'VISA',15486318,13,'2014-04-27 05:19:00','2015-09-03 03:02:00'),(948408919,'MASTER CARD',1348943,'AMERICAN EXPRESS',26485239,19,'2015-05-15 05:50:00','2010-04-22 16:47:00'),(956808240,'MASTER CARD',12345678,'AMERICAN EXPRESS',15486318,31,'2010-11-23 00:56:00','2010-10-22 12:52:00'),(972062335,'AMERICAN EXPRESS',50346723,'DISCOVER',56971326,29,'2011-08-21 06:43:00','2009-04-03 13:01:00'),(972337521,'VISA',88881111,'DISCOVER',54236591,17,'2014-07-01 13:03:00','2011-10-01 23:00:00'),(972919450,'DISCOVER',96152364,'DISCOVER',56971326,89,'2018-02-25 18:30:00','2017-06-14 03:51:00'),(974627663,'AMERICAN EXPRESS',12345678,'DISCOVER',26485239,53,'2012-03-25 23:39:00','2013-03-22 06:42:00'),(975056466,'DISCOVER',12345678,'MASTER CARD',26485239,3,'2011-12-02 11:37:00','2018-01-04 17:14:00'),(980024731,'AMERICAN EXPRESS',96152364,'MASTER CARD',15486318,7,'2011-06-08 23:02:00','2010-05-23 12:09:00'),(983163973,'AMERICAN EXPRESS',1348943,'VISA',26485239,5,'2016-07-10 13:21:00','2011-06-17 07:20:00');
/*!40000 ALTER TABLE `payment_information` ENABLE KEYS */;
UNLOCK TABLES;

--
-- Table structure for table `property`
--

DROP TABLE IF EXISTS `property`;
/*!40101 SET @saved_cs_client     = @@character_set_client */;
 SET character_set_client = utf8mb4 ;
CREATE TABLE `property` (
  `property_id` int(11) NOT NULL,
  `property_name` varchar(45) DEFAULT NULL,
  `state` varchar(45) DEFAULT NULL,
  `city` varchar(45) DEFAULT NULL,
  `street_address` varchar(45) DEFAULT NULL,
  `property_type` varchar(45) DEFAULT NULL,
  `property_accomadates` int(11) DEFAULT NULL,
  `bathrooms` int(11) DEFAULT NULL,
  `bedrooms` int(11) DEFAULT NULL,
  `amenities` varchar(300) DEFAULT NULL,
  `square_ft` int(11) DEFAULT NULL,
  `cancellation_policy` varchar(45) DEFAULT NULL,
  `daily_price` int(11) DEFAULT NULL,
  `weekly_price` int(11) DEFAULT NULL,
  `monthly_price` int(11) DEFAULT NULL,
  `cleaning_fee` int(11) DEFAULT NULL,
  `host_customer_id` int(11) NOT NULL,
  `created_date` datetime DEFAULT NULL,
  `modified_date` datetime DEFAULT NULL,
  PRIMARY KEY (`property_id`),
  KEY `fk_property_mst_host1_idx` (`host_customer_id`),
  CONSTRAINT `fk_property_mst_host1` FOREIGN KEY (`host_customer_id`) REFERENCES `host` (`customer_id`)
) ENGINE=InnoDB DEFAULT CHARSET=utf8;
/*!40101 SET character_set_client = @saved_cs_client */;

--
-- Dumping data for table `property`
--

LOCK TABLES `property` WRITE;
/*!40000 ALTER TABLE `property` DISABLE KEYS */;
INSERT INTO `property` VALUES (9925272,'adipiscing elit. Curabitur','GA','Tallahassee','207 Quam St.','caravan',9,3,2,'',1234,'3',80,689,2000,10,299072017,'2014-06-11 19:43:00','2014-04-09 12:20:00'),(18608182,'tempor lorem, eget','NE','Des Moines','P.O. Box 260, 953 Lobortis Ave','house',2,2,2,'bedroom_comforts, coffee_maker, full_kitchen, elevator, air_conditioner, wifi, hair_dryer, bathroom_essentials, TV, dryer, dishwasher, washer, iron',1234,'2',80,689,2000,10,341982908,'2009-05-04 13:11:00','2012-02-24 06:01:00'),(25606534,'Aliquam vulputate ullamcorper','KS','Tacoma','318-3729 Venenatis Road','apartment',3,3,2,'bathroom_essentials, dishwasher, air_conditioner, bedroom_comforts',1234,'3',80,650,2000,10,207035437,'2014-03-04 00:44:00','2012-12-19 11:09:00'),(33411984,'mi. Aliquam gravida','OH','Chicago','5055 Amet, Road','apartment',12,6,6,'dishwasher, bedroom_comforts, elevator, coffee_maker, washer, dryer',5432,'3',130,680,5000,50,926506015,'2014-06-11 10:22:00','2013-01-22 20:26:00'),(39192117,'nec, euismod in,','AK','Pocatello','538-7878 Eu St.','house',5,5,7,'wifi, dryer, dishwasher, bathroom_essentials, coffee_maker, air_conditioner',3452,'2',250,689,2400,20,792383549,'2014-01-08 04:58:00','2012-11-29 18:39:00'),(46099545,'egestas. Sed pharetra,','MN','Rockville','692-8066 Consectetuer St.','condo',3,3,7,'',3452,'3',250,570,2100,15,323692483,'2010-03-11 08:24:00','2012-07-23 23:52:00'),(60728953,'Aenean gravida nunc','FL','Sacramento','5608 Justo. St.','house',9,3,7,'washer, TV, elevator, bedroom_comforts, air_conditioner, full_kitchen, dishwasher, wifi, hair_dryer, bathroom_essentials',3452,'3',250,567,2400,20,944841352,'2014-04-27 05:19:00','2015-09-03 03:02:00'),(66468497,'augue id ante','HI','Sandy','P.O. Box 674, 5075 Dignissim. Avenue','condo',12,6,4,'coffee_maker',1000,'3',110,650,2000,10,268548575,'2011-04-22 18:36:00','2017-10-27 15:29:00'),(68658988,'massa non ante','DE','Ketchikan','808-3667 Nullam St.','apartment',2,2,3,'dishwasher, iron, bathroom_essentials, dryer, bedroom_comforts, wifi, washer, elevator',2341,'2',90,900,4000,30,583835491,'2010-01-28 01:02:00','2012-03-16 07:27:00'),(76303197,'Nulla dignissim. Maecenas','UT','Lowell','195-5259 Placerat Rd.','condo',6,6,3,'elevator, hair_dryer, full_kitchen, washer, iron, TV, dryer, bedroom_comforts',2341,'3',90,570,2100,15,635148372,'2011-09-23 01:13:00','2017-07-19 14:21:00'),(107021008,'pede sagittis augue,','CT','Orlando','374-1112 Ullamcorper, Road','condo',11,5,6,'iron',5432,'2',130,700,4000,30,661121905,'2018-03-28 10:44:00','2009-03-28 11:33:00'),(119819910,'enim. Curabitur massa.','IA','Hilo','Ap #192-8425 Nibh St.','condo',5,5,1,'iron, dryer, coffee_maker',1232,'2',100,567,2400,20,878920693,'2009-04-02 05:33:00','2012-10-28 06:25:00'),(130956469,'nulla. Cras eu','FL','Tacoma','878 Pellentesque Road','house',6,6,7,'bedroom_comforts, dishwasher, wifi, coffee_maker, air_conditioner, hair_dryer, full_kitchen, dryer, washer, bathroom_essentials, elevator, iron, TV',3452,'3',250,680,5000,50,750220519,'2015-03-23 11:37:00','2015-11-07 21:14:00'),(135032860,'diam at pretium','IA','Aurora','739-9389 Porttitor Av.','house',8,2,1,'iron, air_conditioner, elevator, TV, dishwasher, wifi, hair_dryer, washer, dryer, bathroom_essentials, full_kitchen',1232,'2',100,567,5000,50,176626125,'2010-04-11 01:12:00','2015-01-12 09:59:00'),(140428855,'condimentum. Donec at','AZ','Mesa','294-715 Ante. Av.','house',11,5,4,'bedroom_comforts, TV, dryer, wifi, coffee_maker, iron, washer, full_kitchen, bathroom_essentials, dishwasher, air_conditioner, elevator, hair_dryer',1000,'2',110,700,2100,15,425160090,'2010-04-21 00:35:00','2011-07-17 23:05:00'),(143795706,'eleifend non, dapibus','HI','Austin','3882 Natoque Rd.','caravan',4,4,1,'air_conditioner, full_kitchen, hair_dryer, dryer, elevator, TV, bathroom_essentials, washer, coffee_maker, dishwasher, wifi, bedroom_comforts, iron',1232,'1',100,570,2100,15,150945608,'2013-11-28 10:12:00','2009-10-11 11:55:00'),(147859995,'neque. Nullam nisl.','PA','West Jordan','4832 Eget St.','house',8,2,7,'',3452,'2',250,650,2000,10,80521008,'2014-11-26 11:33:00','2010-08-02 11:45:00'),(152560355,'luctus ut, pellentesque','VT','Owensboro','Ap #595-3706 Nunc Street','condo',2,2,1,'air_conditioner, bedroom_comforts, elevator, dishwasher',1232,'2',100,680,5000,50,670410745,'2015-08-27 19:56:00','2017-06-01 11:59:00'),(155261076,'blandit at, nisi.','UT','Memphis','997-488 Mauris St.','condo',10,4,2,'air_conditioner, wifi, dryer, full_kitchen, washer, elevator, bathroom_essentials, TV, dishwasher, iron, coffee_maker, bedroom_comforts, hair_dryer',1234,'1',80,650,2000,10,350796579,'2016-04-21 21:54:00','2011-05-04 23:09:00'),(155891468,'Aliquam ultrices iaculis','TN','Hilo','Ap #850-3054 Sed Street','caravan',5,5,5,'iron, coffee_maker, washer, wifi, bathroom_essentials, bedroom_comforts, dishwasher, dryer',1234,'2',120,689,2000,10,715705539,'2010-04-28 02:52:00','2016-08-19 21:42:00'),(160253845,'eget nisi dictum','IN','Independence','631-7343 Metus. Av.','house',6,6,1,'dryer, washer, full_kitchen, bedroom_comforts, dishwasher, air_conditioner, elevator, iron, coffee_maker, wifi, hair_dryer, TV',1232,'3',100,689,2400,20,283151223,'2013-02-04 14:16:00','2016-01-12 08:29:00'),(164523151,'cubilia Curae; Donec','OR','West Jordan','P.O. Box 704, 5698 A St.','house',12,6,3,'',2341,'3',90,567,2400,20,472414549,'2018-12-09 00:27:00','2018-05-11 02:20:00'),(167940279,'In nec orci.','MA','Hilo','Ap #248-9382 Dui St.','caravan',2,2,6,'dishwasher, wifi, coffee_maker, bedroom_comforts, TV, dryer, full_kitchen, bathroom_essentials, hair_dryer, air_conditioner',5432,'2',130,570,2100,15,539273805,'2018-02-10 22:24:00','2014-06-05 08:01:00'),(172426991,'Vestibulum ut eros','VT','Olympia','546-6038 Tellus, St.','caravan',7,1,1,'full_kitchen',1232,'1',100,680,5000,50,725777262,'2014-09-06 05:22:00','2010-05-24 04:29:00'),(174038588,'erat. Vivamus nisi.','KS','Springfield','P.O. Box 580, 9418 Euismod Ave','caravan',3,3,1,'dryer, washer, full_kitchen, iron, dishwasher, bedroom_comforts',1232,'3',100,700,2100,15,50857184,'2010-01-05 03:28:00','2011-12-28 02:42:00'),(178594669,'sem, vitae aliquam','MA','Saint Louis','598 Integer Rd.','house',6,6,6,'hair_dryer, full_kitchen, dishwasher, wifi, dryer, air_conditioner, TV, bathroom_essentials, coffee_maker, iron, bedroom_comforts, washer, elevator',5432,'3',130,700,4000,30,791649734,'2010-03-23 11:54:00','2017-06-20 15:46:00'),(221333156,'nulla. Donec non','IA','Grand Island','P.O. Box 173, 5183 Quis Rd.','caravan',11,5,2,'coffee_maker, air_conditioner, bathroom_essentials, wifi',1234,'2',80,567,2400,20,980024731,'2011-06-08 23:02:00','2010-05-23 12:09:00'),(222132169,'Vivamus nisi. Mauris','MI','Cambridge','475-7522 Porttitor Avenue','apartment',11,5,5,'washer, coffee_maker',1234,'2',120,680,5000,50,23210818,'2013-02-13 04:21:00','2013-10-07 05:58:00'),(225097989,'libero. Donec consectetuer','MO','Helena','9873 Tortor St.','condo',4,4,4,'',1000,'1',110,689,2000,10,608300661,'2010-06-30 11:29:00','2010-01-12 08:48:00'),(231773706,'et, euismod et,','OR','Fresno','Ap #449-4054 Ut, Street','house',11,5,3,'bathroom_essentials, iron, washer, dryer, full_kitchen, air_conditioner, dishwasher, elevator, TV, hair_dryer, bedroom_comforts, wifi, coffee_maker',2341,'2',90,650,2000,10,656623824,'2013-03-04 09:25:00','2012-12-26 15:40:00'),(232898767,'amet metus. Aliquam','OR','Overland Park','873-2414 Semper St.','house',1,1,7,'iron, dishwasher, full_kitchen',3452,'1',250,680,5000,50,844743047,'2015-10-11 00:59:00','2017-03-22 21:59:00'),(237919246,'hendrerit id, ante.','AZ','Gary','P.O. Box 813, 6665 Quisque St.','caravan',10,4,3,'bedroom_comforts',2341,'1',90,567,5000,50,116608332,'2011-06-19 08:01:00','2016-11-26 22:11:00'),(260721378,'auctor, nunc nulla','UT','College','879-259 Nullam Avenue','house',4,4,7,'coffee_maker',3452,'1',250,567,2400,20,275132462,'2016-11-15 04:26:00','2010-06-08 22:23:00'),(261189658,'ac mattis ornare,','KY','Columbia','5396 Dictum Ave','condo',8,2,2,'air_conditioner, bathroom_essentials, bedroom_comforts, washer, iron, hair_dryer, coffee_maker, wifi',1234,'2',80,680,5000,50,402516637,'2017-12-02 03:19:00','2016-04-21 07:06:00'),(262072093,'conubia nostra, per','OH','Honolulu','Ap #205-3371 Sagittis. Street','condo',3,3,3,'air_conditioner, TV, wifi, full_kitchen, coffee_maker, iron',2341,'3',90,689,2000,10,213252562,'2010-03-05 17:35:00','2014-02-27 13:25:00'),(276610664,'metus. In lorem.','MO','Hattiesburg','Ap #562-2356 Orci St.','house',4,4,6,'elevator, wifi, bedroom_comforts',5432,'1',130,689,2400,20,715303459,'2013-07-16 10:35:00','2009-12-31 03:03:00'),(284280088,'laoreet lectus quis','AK','Cedar Rapids','Ap #436-1027 Gravida Street','house',11,5,1,'iron, full_kitchen, TV, wifi, air_conditioner, elevator, dryer, bedroom_comforts, coffee_maker, hair_dryer, dishwasher, washer, bathroom_essentials',1232,'2',100,689,2400,20,483368056,'2017-11-20 19:25:00','2010-03-12 08:45:00'),(289018012,'augue, eu tempor','CT','Rochester','3242 Vivamus Av.','apartment',12,6,5,'bedroom_comforts, hair_dryer, air_conditioner, wifi, TV, elevator',1234,'3',120,567,5000,50,519099287,'2009-09-15 06:17:00','2010-04-12 15:52:00'),(306118837,'erat, in consectetuer','OH','Kansas City','7087 A Road','caravan',12,6,2,'bathroom_essentials, iron, full_kitchen, TV, coffee_maker, wifi, elevator',1234,'3',80,689,2400,20,642599617,'2016-07-20 19:44:00','2009-05-06 23:23:00'),(310368188,'ac mattis semper,','MA','Southaven','P.O. Box 246, 3342 Sed St.','caravan',8,2,1,'coffee_maker',1232,'2',100,689,2000,10,942460080,'2017-10-09 09:54:00','2011-02-10 09:31:00'),(316116755,'Aliquam erat volutpat.','LA','Jefferson City','P.O. Box 662, 4277 Elementum Rd.','house',3,3,6,'full_kitchen, washer',5432,'3',130,567,2400,20,619019508,'2009-03-09 04:37:00','2012-06-20 11:32:00'),(351607908,'ridiculus mus. Aenean','PA','Philadelphia','P.O. Box 628, 2211 Tortor, Rd.','apartment',1,1,1,'dryer, TV, wifi, dishwasher',1232,'1',100,700,4000,30,461857567,'2014-02-12 15:39:00','2015-08-31 21:26:00'),(357802768,'Aenean eget magna.','MD','Wyoming','1126 Velit Ave','apartment',8,2,6,'full_kitchen, elevator, air_conditioner, TV, washer, wifi, bathroom_essentials, coffee_maker, iron, bedroom_comforts, dryer',5432,'2',130,700,2100,15,357395029,'2013-12-25 19:27:00','2011-12-14 13:32:00'),(372714618,'sagittis augue, eu','AL','Boston','797-5361 Sit Ave','apartment',11,5,4,'dryer, wifi, iron, hair_dryer, washer, bathroom_essentials, TV, bedroom_comforts, dishwasher, coffee_maker, elevator, air_conditioner',1000,'2',110,567,5000,50,983163973,'2016-07-10 13:21:00','2011-06-17 07:20:00'),(399968338,'Aliquam ornare, libero','UT','Reading','6175 Eros Ave','caravan',7,1,7,'washer',3452,'1',250,567,5000,50,534716501,'2017-01-30 14:47:00','2013-04-29 07:02:00'),(416948099,'semper rutrum. Fusce','AZ','Lansing','Ap #610-9468 Purus Ave','caravan',9,3,2,'washer, wifi, iron, dishwasher, coffee_maker, dryer',1234,'3',80,567,5000,50,172604142,'2018-09-30 12:02:00','2015-04-18 08:22:00'),(419962147,'convallis, ante lectus','WY','West Jordan','461 Sed Ave','condo',10,4,1,'TV, full_kitchen, hair_dryer, iron, dishwasher',1232,'1',100,567,2400,20,326364171,'2012-04-03 23:45:00','2016-05-29 10:35:00'),(427470422,'lacus. Ut nec','MA','Georgia','819-598 Sagittis St.','house',7,1,6,'hair_dryer, air_conditioner, bathroom_essentials, TV, wifi, coffee_maker',5432,'1',130,650,2000,10,941876435,'2012-05-29 19:08:00','2016-06-09 01:14:00'),(435259551,'Donec tempus, lorem','IN','Baltimore','2737 Sed St.','apartment',5,5,4,'bathroom_essentials, TV, full_kitchen, air_conditioner, dryer, elevator, dishwasher, iron, wifi',1000,'2',110,650,2000,10,533306031,'2016-11-16 19:42:00','2011-03-22 18:17:00'),(448802264,'pede. Praesent eu','KS','Aurora','P.O. Box 623, 2318 Et Street','caravan',8,2,3,'iron, elevator, washer, coffee_maker, dishwasher, hair_dryer, bedroom_comforts, wifi, air_conditioner, dryer, TV',2341,'2',90,689,2400,20,562843292,'2016-07-24 02:58:00','2018-01-01 03:29:00'),(451241012,'lacinia vitae, sodales','CO','Kapolei','P.O. Box 452, 8014 Dignissim Road','caravan',1,1,5,'bedroom_comforts, air_conditioner',1234,'1',120,570,2100,15,788635951,'2014-06-27 15:33:00','2014-02-17 16:46:00'),(452970023,'In mi pede,','IN','Tacoma','222-7028 Vestibulum Rd.','apartment',3,3,1,'full_kitchen, elevator, washer, TV, coffee_maker, air_conditioner',1232,'3',100,567,5000,50,948408919,'2015-05-15 05:50:00','2010-04-22 16:47:00'),(485135701,'nec ligula consectetuer','OK','Fort Collins','973-9839 Vestibulum St.','house',2,2,5,'elevator, wifi, TV, iron, dryer',1234,'2',120,567,2400,20,103329173,'2016-10-24 07:47:00','2014-12-10 14:12:00'),(485245252,'Curabitur sed tortor.','MO','Colorado Springs','9524 Vivamus Rd.','caravan',9,3,4,'washer, bathroom_essentials, elevator, air_conditioner, full_kitchen, dishwasher, dryer, TV, bedroom_comforts',1000,'3',110,700,4000,30,276669801,'2014-03-19 09:14:00','2011-03-09 21:20:00'),(489678110,'vel sapien imperdiet','MI','Springfield','893-5358 Venenatis St.','apartment',5,5,6,'iron, elevator, full_kitchen, air_conditioner, coffee_maker, dishwasher, hair_dryer, wifi, dryer, TV',5432,'2',130,680,5000,50,762854610,'2017-10-21 11:24:00','2009-11-21 04:59:00'),(501326102,'ligula elit, pretium','VA','Tacoma','Ap #811-4242 Sociis Street','caravan',1,1,1,'bedroom_comforts, dishwasher, full_kitchen, coffee_maker',1232,'1',100,689,2000,10,350512901,'2017-01-26 10:50:00','2013-01-28 19:57:00'),(506521954,'vestibulum, neque sed','CA','Henderson','306-3841 Natoque Avenue','apartment',10,4,4,'bathroom_essentials, bedroom_comforts, coffee_maker',1000,'1',110,680,5000,50,279492466,'2016-08-20 19:25:00','2009-07-01 12:09:00'),(515018075,'suscipit nonummy. Fusce','WA','Lowell','326-7283 Placerat, Road','house',9,3,3,'bedroom_comforts, elevator, air_conditioner, TV, hair_dryer, dryer',2341,'3',90,680,5000,50,940722960,'2015-02-16 14:50:00','2011-09-17 20:07:00'),(525569430,'ligula. Nullam feugiat','HI','Fort Smith','6231 Hendrerit Avenue','house',6,6,4,'',1000,'3',110,700,2100,15,331421131,'2011-11-03 10:04:00','2016-08-23 11:59:00'),(554651166,'eros. Nam consequat','MN','Virginia Beach','P.O. Box 789, 4515 Sem Av.','house',1,1,3,'air_conditioner, full_kitchen, dryer, bathroom_essentials, elevator, TV, coffee_maker, wifi',2341,'1',90,689,2400,20,866336837,'2016-09-05 08:54:00','2009-12-22 09:40:00'),(555573765,'eu, placerat eget,','WI','Harrisburg','Ap #866-7945 A Av.','apartment',3,3,3,'',2341,'3',90,700,4000,30,241269950,'2018-11-02 06:42:00','2012-05-01 19:22:00'),(558531257,'auctor non, feugiat','FL','Olathe','1606 Nunc St.','house',12,6,1,'elevator, bedroom_comforts',1232,'3',100,900,4000,30,435290531,'2018-10-12 14:16:00','2012-02-15 17:46:00'),(561686056,'congue. In scelerisque','LA','Louisville','P.O. Box 189, 8063 Penatibus St.','house',12,6,5,'bathroom_essentials, iron, dryer, air_conditioner, coffee_maker, full_kitchen, bedroom_comforts, wifi, washer, elevator, hair_dryer',1234,'3',120,700,2100,15,588490987,'2013-08-01 04:10:00','2013-06-27 21:24:00'),(571021344,'odio. Phasellus at','WA','West Valley City','P.O. Box 339, 8054 Quisque Road','house',1,1,2,'washer, air_conditioner, elevator, hair_dryer, coffee_maker, wifi, dishwasher, TV, bathroom_essentials, full_kitchen, iron, dryer',1234,'1',80,900,4000,30,460314867,'2014-06-12 17:47:00','2010-11-27 00:22:00'),(572566040,'feugiat non, lobortis','GA','Iowa City','837-4513 Tincidunt, Rd.','caravan',6,6,5,'bathroom_essentials, dryer, iron, bedroom_comforts, wifi, elevator, air_conditioner, TV, dishwasher, washer',1234,'3',120,650,2000,10,87065496,'2017-03-18 06:07:00','2014-10-04 14:54:00'),(591754296,'mauris. Suspendisse aliquet','TN','Annapolis','P.O. Box 692, 8738 Tellus. Road','house',4,4,2,'hair_dryer, coffee_maker',1234,'1',80,567,5000,50,588234294,'2010-03-17 09:41:00','2010-02-01 08:16:00'),(615833274,'est, vitae sodales','AZ','Tucson','P.O. Box 148, 5493 Lectus St.','house',1,1,6,'bedroom_comforts, hair_dryer, washer, full_kitchen, TV',5432,'1',130,567,5000,50,764374344,'2014-05-02 13:11:00','2018-11-01 03:24:00'),(629957960,'feugiat placerat velit.','NE','Springfield','Ap #547-7830 At Rd.','caravan',4,4,4,'',1000,'1',110,700,4000,30,788287639,'2012-08-16 22:56:00','2014-08-10 21:16:00'),(635488711,'convallis in, cursus','OR','Casper','1817 A, Rd.','condo',10,4,5,'full_kitchen, dishwasher, iron',1234,'1',120,700,4000,30,539911644,'2015-11-20 22:59:00','2012-03-17 06:51:00'),(636284432,'Nunc pulvinar arcu','OK','Portland','370-5282 Placerat. St.','caravan',2,2,4,'iron, bathroom_essentials, elevator, TV, bedroom_comforts, coffee_maker, full_kitchen, washer, hair_dryer, wifi, air_conditioner, dryer, dishwasher',1000,'2',110,689,2400,20,671533842,'2011-10-17 22:08:00','2018-05-15 22:46:00'),(654819259,'orci luctus et','DE','Jefferson City','P.O. Box 585, 5196 Enim Street','house',6,6,6,'hair_dryer, bedroom_comforts, coffee_maker, washer, full_kitchen',5432,'3',130,689,2000,10,797306453,'2018-12-31 01:49:00','2018-01-22 12:57:00'),(657182655,'metus. Aenean sed','MT','Eugene','Ap #780-6096 Dui Street','apartment',5,5,5,'air_conditioner, washer, wifi, iron, dishwasher, elevator',1234,'2',120,700,4000,30,701007981,'2012-03-19 06:39:00','2014-05-06 04:51:00'),(666605027,'a purus. Duis','AL','Bangor','Ap #384-5621 A Av.','apartment',10,4,6,'full_kitchen, dryer, dishwasher, TV, air_conditioner, coffee_maker, bathroom_essentials',5432,'1',130,900,4000,30,972062335,'2011-08-21 06:43:00','2009-04-03 13:01:00'),(666721931,'scelerisque, lorem ipsum','LA','Stamford','3674 Dolor Road','condo',6,6,2,'TV, bedroom_comforts',1234,'3',80,567,2400,20,149485245,'2011-06-13 04:34:00','2013-03-30 08:43:00'),(676094394,'Cras eu tellus','OH','Lawton','Ap #535-1815 Non St.','condo',7,1,2,'',1234,'1',80,689,2400,20,972919450,'2018-02-25 18:30:00','2017-06-14 03:51:00'),(689830651,'Phasellus libero mauris,','NV','South Burlington','391-8190 Cum St.','condo',5,5,3,'bedroom_comforts, iron, full_kitchen, TV, hair_dryer, dishwasher, elevator, air_conditioner, bathroom_essentials, washer, coffee_maker',2341,'2',90,700,2100,15,447087081,'2013-11-03 12:58:00','2012-12-18 02:09:00'),(716646534,'non, lobortis quis,','AK','Gillette','Ap #492-7632 Risus. St.','house',9,3,5,'bathroom_essentials',1234,'3',120,900,4000,30,82487356,'2018-10-09 04:55:00','2015-05-29 14:23:00'),(721320166,'eros. Nam consequat','OH','Pike Creek','711-631 Curabitur Ave','apartment',12,6,7,'coffee_maker, bathroom_essentials, full_kitchen, washer, air_conditioner, TV, wifi, dryer, elevator',3452,'3',250,700,4000,30,449392794,'2018-01-25 15:40:00','2014-11-18 18:45:00'),(744910845,'dolor, nonummy ac,','GA','Houston','P.O. Box 543, 5584 Cursus St.','caravan',4,4,5,'air_conditioner, washer, dishwasher, coffee_maker, bathroom_essentials, wifi, elevator',1234,'1',120,900,4000,30,457170629,'2014-08-23 01:49:00','2017-03-16 14:49:00'),(750945883,'erat. Etiam vestibulum','OR','Grand Rapids','401-2420 Luctus Av.','apartment',7,1,4,'wifi, hair_dryer, bathroom_essentials',1000,'1',110,570,2100,15,104441936,'2012-02-15 08:00:00','2014-05-10 20:28:00'),(759620750,'amet massa. Quisque','OK','Omaha','374-2846 Commodo Av.','apartment',9,3,1,'dryer',1232,'3',100,650,2000,10,875390445,'2018-06-05 03:23:00','2018-12-14 16:01:00'),(774736201,'consectetuer, cursus et,','AK','Lexington','165-831 Nunc. St.','caravan',7,1,7,'wifi, TV, bathroom_essentials, air_conditioner, hair_dryer, dishwasher, bedroom_comforts, washer, full_kitchen, iron',3452,'1',250,689,2000,10,790241103,'2017-06-04 00:50:00','2018-07-08 17:35:00'),(800403974,'primis in faucibus','OR','Dover','Ap #857-6783 Duis Ave','apartment',3,3,5,'full_kitchen, coffee_maker',1234,'3',120,689,2400,20,318445434,'2013-09-28 04:16:00','2013-09-18 03:54:00'),(818950511,'et, magna. Praesent','OH','Pocatello','P.O. Box 283, 8516 Amet Ave','caravan',4,4,2,'dryer, TV',1234,'1',80,700,2100,15,975056466,'2011-12-02 11:37:00','2018-01-04 17:14:00'),(827386764,'netus et malesuada','DE','Indianapolis','Ap #352-1304 Consectetuer St.','condo',11,5,7,'hair_dryer, air_conditioner, full_kitchen',3452,'2',250,900,4000,30,438865396,'2012-12-03 13:02:00','2017-05-02 15:03:00'),(827630674,'pharetra nibh. Aliquam','GA','Kearney','P.O. Box 757, 1035 Purus. Avenue','condo',1,1,4,'washer, full_kitchen, elevator, wifi',1000,'1',110,567,2400,20,847680386,'2017-12-30 21:46:00','2016-12-05 14:41:00'),(832883748,'in, hendrerit consectetuer,','MI','Tuscaloosa','Ap #307-7532 Sed Street','caravan',7,1,5,'elevator, bedroom_comforts, washer, full_kitchen, coffee_maker, wifi, hair_dryer, dishwasher, air_conditioner, bathroom_essentials, iron, TV',1234,'1',120,700,2100,15,519855068,'2012-03-14 20:09:00','2010-05-19 13:23:00'),(833934060,'Donec fringilla. Donec','AZ','Bellevue','3362 Malesuada Rd.','caravan',10,4,3,'iron, bathroom_essentials, bedroom_comforts, hair_dryer, dryer, washer, wifi, air_conditioner, TV, elevator, dishwasher, full_kitchen, coffee_maker',2341,'1',90,689,2000,10,972337521,'2014-07-01 13:03:00','2011-10-01 23:00:00'),(864550223,'Pellentesque habitant morbi','OH','Dover','P.O. Box 101, 2791 Natoque Ave','caravan',7,1,3,'',2341,'1',90,900,4000,30,195393863,'2012-09-19 23:29:00','2017-05-06 05:53:00'),(876409749,'odio. Phasellus at','IN','Duluth','P.O. Box 598, 2804 Pellentesque. Av.','condo',1,1,6,'wifi, full_kitchen, elevator, air_conditioner, dishwasher, dryer, washer, bathroom_essentials, hair_dryer, bedroom_comforts, TV',5432,'1',130,700,2100,15,974627663,'2012-03-25 23:39:00','2013-03-22 06:42:00'),(884283144,'nec, mollis vitae,','OR','Billings','759-4136 Donec St.','caravan',4,4,3,'wifi',2341,'1',90,650,2000,10,905715363,'2018-04-08 10:44:00','2011-12-25 22:37:00'),(890335748,'ut, pellentesque eget,','WI','Detroit','P.O. Box 233, 5053 Nec St.','house',8,2,4,'',1000,'2',110,900,4000,30,463244657,'2012-08-14 01:58:00','2017-04-21 09:08:00'),(916955792,'faucibus lectus, a','DE','Topeka','2452 Facilisis Street','house',3,3,4,'air_conditioner, iron, wifi, coffee_maker, full_kitchen, washer, bedroom_comforts, hair_dryer, bathroom_essentials, elevator, dishwasher, dryer, TV',1000,'3',110,900,4000,30,800426157,'2009-10-03 04:02:00','2010-04-16 09:09:00'),(925835605,'imperdiet ornare. In','WA','Iowa City','P.O. Box 640, 8215 Ut, Rd.','house',9,3,6,'air_conditioner, dishwasher',5432,'3',130,570,2100,15,615176781,'2011-12-14 18:15:00','2013-07-09 00:59:00'),(948387071,'Vivamus non lorem','VA','Milwaukee','5373 Morbi St.','apartment',2,2,2,'bathroom_essentials, TV, full_kitchen, coffee_maker, elevator, wifi, washer, air_conditioner, bedroom_comforts',1234,'2',80,700,4000,30,217561554,'2016-01-14 17:44:00','2009-12-16 13:54:00'),(964221550,'Nullam nisl. Maecenas','FL','Memphis','Ap #946-455 Rhoncus Rd.','condo',5,5,2,'iron, wifi, hair_dryer, TV, dishwasher, bathroom_essentials, washer, elevator, full_kitchen, air_conditioner, coffee_maker',1234,'2',80,570,2100,15,933415614,'2018-07-31 13:53:00','2011-10-09 09:34:00'),(971358395,'lectus ante dictum','LA','Lawton','Ap #174-4497 Magna. Av.','apartment',2,2,7,'full_kitchen, TV, wifi, elevator, bedroom_comforts, dishwasher, hair_dryer, iron, washer, air_conditioner, dryer, bathroom_essentials',3452,'2',250,700,2100,15,843939620,'2015-02-11 16:57:00','2017-01-28 20:51:00'),(991298001,'morbi tristique senectus','KY','Shreveport','480-7929 Nonummy St.','condo',8,2,5,'elevator, air_conditioner, dryer, full_kitchen, wifi',1234,'2',120,570,2100,15,956808240,'2010-11-23 00:56:00','2010-10-22 12:52:00'),(997525167,'amet, faucibus ut,','LA','Essex','P.O. Box 929, 9514 Vitae Avenue','house',10,4,7,'wifi',3452,'1',250,570,2100,15,513999631,'2014-01-02 17:05:00','2012-04-17 11:15:00'),(999057490,'dolor, tempus non,','UT','Portland','P.O. Box 207, 6447 Integer Rd.','apartment',2,2,7,'TV, full_kitchen, wifi, bathroom_essentials, washer, hair_dryer, bedroom_comforts, iron, elevator, air_conditioner',3452,'2',250,567,5000,50,581240835,'2017-09-29 02:31:00','2015-02-26 04:39:00');
/*!40000 ALTER TABLE `property` ENABLE KEYS */;
UNLOCK TABLES;

--
-- Table structure for table `reviews`
--

DROP TABLE IF EXISTS `reviews`;
/*!40101 SET @saved_cs_client     = @@character_set_client */;
 SET character_set_client = utf8mb4 ;
CREATE TABLE `reviews` (
  `review_id` int(11) NOT NULL,
  `customer_id` int(11) NOT NULL,
  `property_id` int(11) NOT NULL,
  `review_datetime` datetime DEFAULT NULL,
  `star_rating` int(11) DEFAULT NULL,
  `experience_id` int(11) DEFAULT NULL,
  `warning_flag` tinyint(4) DEFAULT NULL,
  `date_modified` datetime DEFAULT NULL,
  `reviewer_id` int(11) DEFAULT NULL,
  `host_id` int(11) DEFAULT NULL,
  PRIMARY KEY (`review_id`),
  KEY `customer_id_idx` (`customer_id`),
  KEY `property_id_idx` (`property_id`),
  KEY `experience_id_idx` (`experience_id`),
  CONSTRAINT `custrev_id` FOREIGN KEY (`customer_id`) REFERENCES `customer` (`customer_id`),
  CONSTRAINT `exp_id` FOREIGN KEY (`experience_id`) REFERENCES `experience` (`experience_id`),
  CONSTRAINT `prop_id` FOREIGN KEY (`property_id`) REFERENCES `property` (`property_id`)
) ENGINE=InnoDB DEFAULT CHARSET=utf8;
/*!40101 SET character_set_client = @saved_cs_client */;

--
-- Dumping data for table `reviews`
--

LOCK TABLES `reviews` WRITE;
/*!40000 ALTER TABLE `reviews` DISABLE KEYS */;
INSERT INTO `reviews` VALUES (7691587,619019508,316116755,'2015-07-24 04:27:00',2,982452203,0,'2018-08-13 22:18:00',619019508,619019508),(18063099,435290531,558531257,'2018-10-23 06:15:00',1,578132201,1,'2013-06-23 04:21:00',435290531,435290531),(26907014,788287639,629957960,'2011-10-11 18:03:00',3,585421886,1,'2012-01-19 16:27:00',788287639,788287639),(27452010,941876435,427470422,'2015-05-31 04:21:00',5,686479940,0,'2016-01-13 23:17:00',941876435,941876435),(34186825,942460080,310368188,'2011-02-10 21:52:00',3,632176582,1,'2013-08-18 02:05:00',942460080,942460080),(34887075,460314867,571021344,'2014-05-25 20:41:00',2,564521045,0,'2009-10-14 06:10:00',460314867,460314867),(41748518,635148372,76303197,'2012-06-23 08:20:00',1,371087958,1,'2010-10-28 17:39:00',635148372,635148372),(42620419,472414549,164523151,'2012-11-06 19:31:00',4,523950236,1,'2012-03-01 16:04:00',472414549,472414549),(44234656,656623824,231773706,'2009-05-28 03:52:00',4,987492758,0,'2014-05-22 16:29:00',656623824,656623824),(70058128,149485245,666721931,'2018-07-17 08:32:00',5,45615549,1,'2013-09-25 04:04:00',149485245,149485245),(76307149,875390445,759620750,'2016-07-28 21:07:00',2,917916884,0,'2011-06-28 12:23:00',875390445,875390445),(92886852,878920693,119819910,'2009-08-21 19:15:00',4,930853395,0,'2014-01-11 03:56:00',878920693,878920693),(98212384,940722960,515018075,'2018-02-03 15:53:00',5,10561264,0,'2011-06-23 04:50:00',940722960,940722960),(101440535,608300661,225097989,'2017-09-05 04:19:00',4,237574710,1,'2015-11-21 16:52:00',608300661,608300661),(101569788,241269950,555573765,'2011-07-21 12:16:00',2,636442261,0,'2015-05-17 09:37:00',241269950,241269950),(103405551,764374344,615833274,'2009-11-25 21:25:00',2,814673273,0,'2012-08-19 11:16:00',764374344,764374344),(147901649,402516637,261189658,'2015-08-01 08:14:00',4,782775639,1,'2015-05-10 20:14:00',402516637,402516637),(153448568,533306031,435259551,'2013-11-01 12:03:00',3,593494826,0,'2010-11-08 06:03:00',533306031,533306031),(154057707,213252562,262072093,'2012-08-29 23:43:00',3,158708461,0,'2016-02-18 10:33:00',213252562,213252562),(169558681,483368056,284280088,'2009-06-24 01:09:00',1,257563965,0,'2012-05-07 20:39:00',483368056,483368056),(174612168,449392794,721320166,'2014-03-18 21:42:00',4,779402098,1,'2011-06-08 03:51:00',449392794,449392794),(192748432,800426157,916955792,'2010-08-11 19:58:00',4,219905296,0,'2013-10-29 11:36:00',800426157,800426157),(235040011,539911644,635488711,'2016-09-28 11:39:00',2,826986283,1,'2019-02-18 00:40:00',539911644,539911644),(238156103,150945608,143795706,'2010-04-13 21:03:00',4,784715765,1,'2014-06-12 14:45:00',150945608,150945608),(240060012,972919450,676094394,'2015-06-27 22:54:00',4,166494328,0,'2016-11-12 14:59:00',972919450,972919450),(266245141,926506015,33411984,'2017-11-15 09:37:00',3,341696243,1,'2015-03-01 15:27:00',926506015,926506015),(292802774,670410745,152560355,'2013-12-18 11:46:00',5,554065193,1,'2010-10-18 18:56:00',670410745,670410745),(298933649,513999631,997525167,'2016-12-13 23:17:00',5,180710642,1,'2012-02-16 23:05:00',513999631,513999631),(301225520,438865396,827386764,'2011-03-21 03:09:00',5,752817742,0,'2015-07-18 14:06:00',438865396,438865396),(308679547,318445434,800403974,'2013-11-23 23:59:00',5,76333335,0,'2009-06-15 12:33:00',318445434,318445434),(318925914,661121905,107021008,'2012-07-26 05:42:00',3,664082716,0,'2011-04-02 23:42:00',661121905,661121905),(324889872,519099287,289018012,'2011-11-01 04:35:00',1,580435063,1,'2012-10-27 12:06:00',519099287,519099287),(338799232,792383549,39192117,'2018-03-26 21:29:00',2,308336601,0,'2012-12-01 09:33:00',792383549,792383549),(349001289,82487356,716646534,'2014-05-05 11:12:00',3,698226057,0,'2015-04-13 21:35:00',82487356,82487356),(351377791,974627663,876409749,'2013-05-26 17:56:00',3,105470058,0,'2017-01-10 05:46:00',974627663,974627663),(354135998,933415614,964221550,'2010-09-02 17:20:00',5,21411319,0,'2017-05-11 04:00:00',933415614,933415614),(359937885,104441936,750945883,'2018-01-14 13:30:00',2,715997250,0,'2011-06-27 13:53:00',104441936,104441936),(360984652,615176781,925835605,'2015-02-23 11:45:00',4,183532407,0,'2018-09-02 06:43:00',615176781,615176781),(376997094,299072017,9925272,'2013-06-23 14:15:00',4,676114564,0,'2016-07-27 07:22:00',299072017,299072017),(380071985,539273805,167940279,'2019-01-24 01:45:00',2,376983318,1,'2010-06-24 12:53:00',539273805,539273805),(386052070,847680386,827630674,'2013-03-12 13:07:00',5,850504564,0,'2016-02-23 00:24:00',847680386,847680386),(390886869,583835491,68658988,'2011-12-24 19:17:00',3,759209109,1,'2012-03-22 12:04:00',583835491,583835491),(392250007,341982908,18608182,'2015-06-25 02:47:00',2,658724240,1,'2012-09-03 05:10:00',341982908,341982908),(424520534,948408919,452970023,'2009-04-21 12:46:00',4,842720948,0,'2015-12-24 04:38:00',948408919,948408919),(425930054,283151223,160253845,'2015-07-30 04:45:00',3,774345441,1,'2009-03-17 21:49:00',283151223,283151223),(430827253,350796579,155261076,'2010-02-20 11:24:00',3,344111703,1,'2013-01-20 00:05:00',350796579,350796579),(450986435,103329173,485135701,'2015-04-26 06:33:00',1,396769382,1,'2018-01-12 17:00:00',103329173,103329173),(456800473,581240835,999057490,'2010-06-17 10:04:00',3,94909173,1,'2012-09-13 19:11:00',581240835,581240835),(457982189,671533842,636284432,'2010-05-24 00:07:00',4,660455510,1,'2016-04-18 17:46:00',671533842,671533842),(458848926,116608332,237919246,'2014-06-17 00:20:00',4,872094313,1,'2011-06-21 18:46:00',116608332,116608332),(460914856,461857567,351607908,'2017-07-01 08:02:00',5,474038890,0,'2009-11-02 06:56:00',461857567,461857567),(474688611,975056466,818950511,'2015-07-22 15:48:00',1,215242710,1,'2015-09-24 02:06:00',975056466,975056466),(500216361,23210818,222132169,'2017-10-21 09:10:00',2,358084713,0,'2017-04-30 10:01:00',23210818,23210818),(513917310,944841352,60728953,'2014-07-18 03:07:00',1,916575012,0,'2014-07-16 12:57:00',944841352,944841352),(523304756,275132462,260721378,'2012-02-09 22:23:00',3,556392223,1,'2010-02-10 07:16:00',275132462,275132462),(527862163,725777262,172426991,'2013-04-04 05:07:00',3,854510518,0,'2018-12-03 23:58:00',725777262,725777262),(532490463,791649734,178594669,'2013-07-30 09:45:00',5,457128890,1,'2011-02-07 07:04:00',791649734,791649734),(536569676,534716501,399968338,'2013-01-28 02:52:00',1,765525613,0,'2016-06-09 16:37:00',534716501,534716501),(550185763,80521008,147859995,'2012-02-02 15:05:00',1,295755854,1,'2018-09-24 07:17:00',80521008,80521008),(554982389,588234294,591754296,'2014-02-12 01:08:00',5,850813916,1,'2009-07-16 13:52:00',588234294,588234294),(575849484,844743047,232898767,'2018-10-12 18:53:00',4,18992842,0,'2010-08-07 22:23:00',844743047,844743047),(579813171,983163973,372714618,'2015-11-13 07:56:00',5,57105868,0,'2014-03-15 09:42:00',983163973,983163973),(600623607,447087081,689830651,'2016-12-15 01:16:00',2,632797692,0,'2011-12-13 22:02:00',447087081,447087081),(608208369,87065496,572566040,'2009-06-22 22:53:00',4,171056336,1,'2011-05-05 04:36:00',87065496,87065496),(619729338,866336837,554651166,'2015-07-15 03:47:00',3,421107673,0,'2017-06-26 02:42:00',866336837,866336837),(630708931,843939620,971358395,'2015-10-29 11:38:00',4,397879115,1,'2018-01-22 13:47:00',843939620,843939620),(637197849,326364171,419962147,'2016-03-14 05:31:00',2,670761477,1,'2012-07-23 13:05:00',326364171,326364171),(645802554,268548575,66468497,'2016-11-08 20:06:00',5,433644960,1,'2012-10-15 02:12:00',268548575,268548575),(651930174,788635951,451241012,'2015-02-28 09:30:00',1,886502483,0,'2018-03-14 11:23:00',788635951,788635951),(657741971,276669801,485245252,'2009-05-04 17:25:00',1,564441657,0,'2013-03-01 07:20:00',276669801,276669801),(666186689,279492466,506521954,'2015-11-26 15:08:00',1,165566530,1,'2014-10-07 12:09:00',279492466,279492466),(679836205,217561554,948387071,'2010-08-17 01:25:00',1,714277191,1,'2010-07-18 15:07:00',217561554,217561554),(679927699,195393863,864550223,'2011-10-08 21:35:00',1,695101691,0,'2017-09-15 07:15:00',195393863,195393863),(716932496,519855068,832883748,'2014-12-24 12:01:00',4,28746907,0,'2014-05-14 11:57:00',519855068,519855068),(725023899,331421131,525569430,'2018-08-19 00:37:00',3,789650959,1,'2012-07-19 23:07:00',331421131,331421131),(725411292,797306453,654819259,'2012-04-26 00:29:00',1,626539142,1,'2014-04-17 23:16:00',797306453,797306453),(738534841,790241103,774736201,'2016-08-02 23:58:00',2,607495942,0,'2018-03-07 22:05:00',790241103,790241103),(742689714,715303459,276610664,'2010-05-14 03:18:00',1,364985069,1,'2013-06-13 18:34:00',715303459,715303459),(750300592,588490987,561686056,'2012-06-09 14:36:00',2,9593310,1,'2013-07-28 01:06:00',588490987,588490987),(768078263,425160090,140428855,'2013-01-12 01:21:00',1,895279255,0,'2012-09-04 20:05:00',425160090,425160090),(785249327,323692483,46099545,'2014-03-19 18:46:00',3,281202606,0,'2015-03-01 18:15:00',323692483,323692483),(799921242,980024731,221333156,'2014-05-01 09:07:00',3,696183037,0,'2018-11-18 01:17:00',980024731,980024731),(804020923,562843292,448802264,'2019-01-15 22:43:00',5,92653120,1,'2013-06-22 20:27:00',562843292,562843292),(805251121,642599617,306118837,'2011-04-03 00:56:00',2,750074502,1,'2016-11-07 17:15:00',642599617,642599617),(810636506,750220519,130956469,'2010-07-31 09:10:00',2,420722134,1,'2014-08-26 10:52:00',750220519,750220519),(822951786,905715363,884283144,'2013-11-02 06:31:00',2,938771979,1,'2018-04-26 18:57:00',905715363,905715363),(822980058,357395029,357802768,'2017-09-21 14:00:00',5,493972616,1,'2011-06-25 16:56:00',357395029,357395029),(828187237,956808240,991298001,'2013-08-16 17:22:00',3,436578082,1,'2018-09-01 12:44:00',956808240,956808240),(839682804,972337521,833934060,'2014-08-03 10:56:00',5,249790072,1,'2011-11-29 19:14:00',972337521,972337521),(851238808,715705539,155891468,'2012-07-12 02:55:00',5,635111149,0,'2014-08-27 12:26:00',715705539,715705539),(902890912,207035437,25606534,'2014-07-27 07:33:00',1,123742892,0,'2011-08-05 02:06:00',207035437,207035437),(905554937,350512901,501326102,'2015-07-01 18:56:00',1,66445487,0,'2017-06-02 07:25:00',350512901,350512901),(905599825,762854610,489678110,'2012-11-18 00:56:00',1,926426115,0,'2011-06-20 22:02:00',762854610,762854610),(905746343,172604142,416948099,'2013-11-08 02:54:00',3,383620754,0,'2011-11-01 03:01:00',172604142,172604142),(925045791,176626125,135032860,'2015-02-13 04:55:00',2,668480320,1,'2018-06-06 22:01:00',176626125,176626125),(925910218,972062335,666605027,'2012-04-26 13:20:00',4,446812927,1,'2013-06-06 21:17:00',972062335,972062335),(958582785,701007981,657182655,'2016-09-24 01:29:00',4,924492846,0,'2016-06-11 20:48:00',701007981,701007981),(961350915,463244657,890335748,'2017-02-19 12:41:00',2,808069231,1,'2017-09-14 22:04:00',463244657,463244657),(983182296,457170629,744910845,'2009-05-28 06:52:00',5,90265240,1,'2016-09-22 22:29:00',457170629,457170629),(987724523,50857184,174038588,'2013-08-28 13:37:00',5,487894826,0,'2015-08-23 01:56:00',50857184,50857184);
/*!40000 ALTER TABLE `reviews` ENABLE KEYS */;
UNLOCK TABLES;

--
-- Dumping events for database 'mydb'
--

--
-- Dumping routines for database 'mydb'
--
/*!40103 SET TIME_ZONE=@OLD_TIME_ZONE */;

/*!40101 SET SQL_MODE=@OLD_SQL_MODE */;
/*!40014 SET FOREIGN_KEY_CHECKS=@OLD_FOREIGN_KEY_CHECKS */;
/*!40014 SET UNIQUE_CHECKS=@OLD_UNIQUE_CHECKS */;
/*!40101 SET CHARACTER_SET_CLIENT=@OLD_CHARACTER_SET_CLIENT */;
/*!40101 SET CHARACTER_SET_RESULTS=@OLD_CHARACTER_SET_RESULTS */;
/*!40101 SET COLLATION_CONNECTION=@OLD_COLLATION_CONNECTION */;
/*!40111 SET SQL_NOTES=@OLD_SQL_NOTES */;

-- Dump completed on 2019-03-11 16:01:50
